ID,Category (EN),Category (DE),Subcategory (EN),Subcategory (DE),Designation (EN),Designation (DE),Raw density,Unit,Heat conductivity (W/mK),Water vapor diffusion,Spec. heat capacity (kJ/kgK),U-value relevance,Source,Brightway key,Unit ecoinvent,Density ecoinvent (kg/m3),Adjustment factor,RSL,Source RSL,A4 Category,Waste category
HO_101,Wood and derived timber products,Holz und Holzwerkstoffe,Wood beams,Holzbalken,"Sawn timber (unspecified), kiln-dried",Schnittholz (unspezifiziert),500,kg/m3,0.13,50,2,TRUE,Assumption samed as other sawn timber,"('eicutoff391', 'aeeb7a71b3a2e14f8884b43670cc574e')",m3,,,60,Bau-EPD GmbH (2015),2.11.1.,wc_10
HO_102,Wood and derived timber products,Holz und Holzwerkstoffe,Wood beams,Holzbalken,"Sawn timber (spruce), air-dried","Schnittholz (Fichte), rauh, lufttrocken",540,kg/m3,0.13,50,2,TRUE,IBO (2018a),"('eicutoff391', 'cc70659cc7899ab0f8e5d9fb776a1f33')",m3,,,60,Bau-EPD GmbH (2015),2.11.1.,wc_10
HO_103,Wood and derived timber products,Holz und Holzwerkstoffe,Wood beams,Holzbalken,"Sawn timber (spruce), kiln-dried","Schnittholz (Fichte), rauh, technisch getrocknet",500,kg/m3,0.13,50,2,TRUE,IBO (2018a),"('eicutoff391', '28d14be02c9fa4d42eebbf434447506e')",m3,,,60,Bau-EPD GmbH (2015),2.11.1.,wc_10
HO_104,Wood and derived timber products,Holz und Holzwerkstoffe,Wood beams,Holzbalken,"Sawn timber (spruce), planed, kiln-dried","Schnittholz (Fichte), gehobelt, technisch getrocknet",500,kg/m3,0.13,50,2,TRUE,IBO (2018a),"('eicutoff391', 'aeeb7a71b3a2e14f8884b43670cc574e')",m3,,,60,Bau-EPD GmbH (2015),2.11.1.,wc_10
HO_105,Wood and derived timber products,Holz und Holzwerkstoffe,Wood beams,Holzbalken,"Sawn timber (larch), air-dried","Schnittholz (Lärche), rauh, lufttrocken",685,kg/m3,0.13,50,2,TRUE,IBO (2018a),"('eicutoff391', '6fc544024d128f77521b04a69edce78f')",m3,,,60,Bau-EPD GmbH (2015),2.11.1.,wc_10
HO_106,Wood and derived timber products,Holz und Holzwerkstoffe,Wood beams,Holzbalken,"Sawn timber (larch), kiln-dried","Schnittholz (Lärche), rauh, technisch getrocknet",630,kg/m3,0.13,50,2,TRUE,IBO (2018a),"('eicutoff391', 'e15ab4aa6ccd97b62c2e820ef3ed0fcc')",m3,,,60,Bau-EPD GmbH (2015),2.11.1.,wc_10
HO_107,Wood and derived timber products,Holz und Holzwerkstoffe,Wood beams,Holzbalken,"Sawn timber (larch), planed, kiln-dried","Schnittholz (Lärche), gehobelt, technisch getrocknet",630,kg/m3,0.13,50,2,TRUE,IBO (2018a),"('eicutoff391', '34dd0410ae388e0643d20c97045e63d6')",m3,,,60,Bau-EPD GmbH (2015),2.11.1.,wc_10
HO_108,Wood and derived timber products,Holz und Holzwerkstoffe,Wood beams,Holzbalken,"Construction timber (unspecified), kiln-dried","Nutzholz (unspezifiziert) - rauh, technisch getrocknet",475,kg/m3,0.12,50,2,TRUE,"Lambda from IBO (2018a), rest assumption samed as sawn timber","('eicutoff391', '394f00b020377b762a43757bf3a1feb1')",m3,,,100,Bau-EPD GmbH (2015),2.11.3.,wc_10
HO_109,Wood and derived timber products,Holz und Holzwerkstoffe,Wood beams,Holzbalken,"Construction timber (spruce), kiln-dried","Nutzholz (Fichte), rauh, technisch getrocknet",475,kg/m3,0.12,50,2,TRUE,"Lambda from IBO (2018a), rest assumption samed as sawn timber","('eicutoff391', '394f00b020377b762a43757bf3a1feb1')",m3,,,100,Bau-EPD GmbH (2015),2.11.3.,wc_10
HO_110,Wood and derived timber products,Holz und Holzwerkstoffe,Wood beams,Holzbalken,"Construction timber (spruce), planed, kiln-dried","Nutzholz (Fichte), gehobelt, technisch getrocknet",475,kg/m3,0.12,50,2,TRUE,"Lambda from IBO (2018a), rest assumption samed as sawn timber","('eicutoff391', '394f00b020377b762a43757bf3a1feb1')",m3,,,100,Bau-EPD GmbH (2015),2.11.3.,wc_10
HO_111,Wood and derived timber products,Holz und Holzwerkstoffe,Wood beams,Holzbalken,"Construction timber (larch), kiln-dried","Nutzholz (Lärche), rauh, technisch getrocknet",525,kg/m3,0.12,50,2,TRUE,"Lambda from IBO (2018a), rest assumption samed as sawn timber","('eicutoff391', '394f00b020377b762a43757bf3a1feb1')",m3,,,100,Bau-EPD GmbH (2015),2.11.3.,wc_10
HO_112,Wood and derived timber products,Holz und Holzwerkstoffe,Wood beams,Holzbalken,"Construction timber (larch), planed, kiln-dried","Nutzholz (Lärche), gehobelt, techn. Getrocknet",525,kg/m3,0.12,50,2,TRUE,"Lambda from IBO (2018a), rest assumption samed as sawn timber","('eicutoff391', '394f00b020377b762a43757bf3a1feb1')",m3,,,100,Bau-EPD GmbH (2015),2.11.3.,wc_10
HO_201,Wood and derived timber products,Holz und Holzwerkstoffe,Wood panels,Holzplatten,Glued laminated timber (standard),Brettschichtholz (Standard),475,kg/m3,0.11,50,2,TRUE,IBO (2018a),"('eicutoff391', 'd8d17f87d68379816f66d1483fb6c9e4')",m3,,,100,Bau-EPD GmbH (2015),2.11.3.,wc_08
HO_202,Wood and derived timber products,Holz und Holzwerkstoffe,Wood panels,Holzplatten,Glued laminated timber (MUF-glue),Brettschichtholz (MUF-Kleber),475,kg/m3,0.11,50,2,TRUE,Assumption samed as other glulam,"('eicutoff391', 'aafa8c2075af7c9bc8171b63c3c105b8')",m3,,,100,Bau-EPD GmbH (2015),2.11.3.,wc_08
HO_203,Wood and derived timber products,Holz und Holzwerkstoffe,Wood panels,Holzplatten,Glued laminated timber (PUR-glue),Brettschichtholz (PUR-Kleber),475,kg/m3,0.11,50,2,TRUE,Assumption samed as other glulam,"('eicutoff391', '88974eb0d322a94777136089c07db7b4')",m3,,,100,Bau-EPD GmbH (2015),2.11.3.,wc_08
HO_204,Wood and derived timber products,Holz und Holzwerkstoffe,Wood panels,Holzplatten,Cross laminated timber (standard),Brettsperrholz (Standard),475,kg/m3,0.11,50,2,TRUE,Assumption samed as glulam,"('eicutoff391', 'a7a41a401ce61cebcb0cf299eb40a9ce')",m3,,,100,Assumed same as glulam,2.11.3.,wc_08
HO_205,Wood and derived timber products,Holz und Holzwerkstoffe,Wood panels,Holzplatten,"Stacked board elements, nailed",Brettstapel genagelt,505,kg/m3,0.15,2,2,TRUE,IBO (2018a),"('eicutoff391', 'eba11f081cf123395ba1d3a570dc05e7')",m3,,,60,Assumed same as sawn timber,2.11.3.,wc_08
HO_206,Wood and derived timber products,Holz und Holzwerkstoffe,Wood panels,Holzplatten,"Stacked board elements, doweled",Brettstapel gedübelt,500,kg/m3,0.15,2,2,TRUE,IBO (2018a),"('eicutoff391', 'eba11f081cf123395ba1d3a570dc05e7')",m3,,,60,Assumed same as sawn timber,2.11.3.,wc_08
HO_207,Wood and derived timber products,Holz und Holzwerkstoffe,Wood panels,Holzplatten,"Wood chip insulation board (particleboard), cement bonded","Holzspandämmplatte, zementgebunden",650,kg/m3,0.16,,,TRUE,IBO (2018a),"('eicutoff391', '203592d549e6f31d49059368cae39249')",m3,,,50,Bau-EPD GmbH (2015),2.11.4.,wc_08
HO_208,Wood and derived timber products,Holz und Holzwerkstoffe,Wood panels,Holzplatten,Wood chip board (particleboard),Holzspanplatte,650,kg/m3,0.13,,,TRUE,IBO (2018a),"('eicutoff391', '510f2a6d5832fd5d80cec98a9db14172')",m3,,,60,Bau-EPD GmbH (2015),2.11.2.,wc_08
HO_209,Wood and derived timber products,Holz und Holzwerkstoffe,Wood panels,Holzplatten,MDF panel (unspecified),MDF-Platte (unspezifiziert),690,kg/m3,0.08,11,2,TRUE,"Density average of the other two, rest assumed same as MDF 780kg/m3","('eicutoff391', '3cc6fa5f4bae8217389a4e93d0e1fc55')",m3,,,60,Bau-EPD GmbH (2015),2.11.2.,wc_08
HO_210,Wood and derived timber products,Holz und Holzwerkstoffe,Wood panels,Holzplatten,MDF panel (600 kg/m3),MDF-Platte (600 kg/m3),600,kg/m3,0.12,11,2,TRUE,"Lambda IBO (2018a), rest assumed same as MDF 780kg/m3","('eicutoff391', '3cc6fa5f4bae8217389a4e93d0e1fc55')",m3,,,60,Bau-EPD GmbH (2015),2.11.2.,wc_08
HO_211,Wood and derived timber products,Holz und Holzwerkstoffe,Wood panels,Holzplatten,MDF panel (780 kg/m3),MDF-Platte (780 kg/m3),780,kg/m3,0.08,11,2,TRUE,IBO (2018a),"('eicutoff391', '3cc6fa5f4bae8217389a4e93d0e1fc55')",m3,,,60,Bau-EPD GmbH (2015),2.11.2.,wc_08
HO_212,Wood and derived timber products,Holz und Holzwerkstoffe,Wood panels,Holzplatten,OSB panel,OSB-Platte,660,kg/m3,0.13,240,2,TRUE,IBO (2018a),"('eicutoff391', '6370351b2b0d0e8089662e2b0cbfe6ad')",m3,,,60,Bau-EPD GmbH (2015),2.11.2.,wc_08
HO_213,Wood and derived timber products,Holz und Holzwerkstoffe,Wood panels,Holzplatten,Plywood and laminated veneer lumber (unspecified),Sperrholz und Furnierschichtholz (unspezifiziert),625,kg/m3,0.15,,,TRUE,Assumed same as 625 kg/m3,"('eicutoff391', 'bb08eb69b1438a14e7c0177ea0b7b96a')",m3,,,60,Bau-EPD GmbH (2015),2.11.2.,wc_08
HO_214,Wood and derived timber products,Holz und Holzwerkstoffe,Wood panels,Holzplatten,Plywood and laminated veneer lumber (575 kg/m3),Sperrholz und Furnierschichtholz (575 kg/mł),575,kg/m3,0.14,,,TRUE,IBO (2018a),"('eicutoff391', 'bb08eb69b1438a14e7c0177ea0b7b96a')",m3,,,60,Bau-EPD GmbH (2015),2.11.2.,wc_08
HO_215,Wood and derived timber products,Holz und Holzwerkstoffe,Wood panels,Holzplatten,Plywood and laminated veneer lumber (625 kg/m3),Sperrholz und Furnierschichtholz (625 kg/mł),625,kg/m3,0.15,,,TRUE,IBO (2018a),"('eicutoff391', 'bb08eb69b1438a14e7c0177ea0b7b96a')",m3,,,60,Bau-EPD GmbH (2015),2.11.2.,wc_08
HO_216,Wood and derived timber products,Holz und Holzwerkstoffe,Wood panels,Holzplatten,"Glued laminated timber, from recovered wood","Brettschichtholz, aus Holzabfall",475,kg/m3,0.11,50,2,TRUE,Assumption samed as other glulam,"('TUG', '799bf0d18e8445258351d527e85fcec6_copy3')",m3,,,100,Bau-EPD GmbH (2015),2.11.3.,wc_08
HO_217,Wood and derived timber products,Holz und Holzwerkstoffe,Wood panels,Holzplatten,"MDF panel, from recovered wood","MDF-Platte, aus Holzabfall",684,kg/m3,0.08,11,2,TRUE,Assumed same as other MDF,"('TUG', '3cc6fa5f4bae8217389a4e93d0e1fc55_copy1')",m3,,,60,Bau-EPD GmbH (2015),2.11.2.,wc_08
HO_218,Wood and derived timber products,Holz und Holzwerkstoffe,Wood panels,Holzplatten,"OSB panel, from recovered wood","OSB-Platte, aus Holzabfall",660,kg/m3,0.13,240,2,TRUE,Assumed same as other OSB,"('TUG', '6370351b2b0d0e8089662e2b0cbfe6ad_copy1')",m3,,,60,Bau-EPD GmbH (2015),2.11.2.,wc_08
HO_219,Wood and derived timber products,Holz und Holzwerkstoffe,Wood panels,Holzplatten,"Wood chip board (particleboard), from recovered wood","Holzspanplatte, aus Holzabfall",650,kg/m3,0.13,,,TRUE,Assumed same as other particleboard,"('TUG', '510f2a6d5832fd5d80cec98a9db14172_copy1')",m3,,,60,Bau-EPD GmbH (2015),2.11.2.,wc_08
HO_301,Wood and derived timber products,Holz und Holzwerkstoffe,Wood insulation,Holzdämmung,Wood fiber insulation (unspecified),Holzfaserdämmung (unspezifiziert),155,kg/m3,0.05,5,2,TRUE,Density average of 130 and 180,"('eicutoff391', 'd7fc788c44e51f4167e74f0a5e2a4cea')",m3,,,50,Bau-EPD GmbH (2015),2.22.5.3.,wc_17
HO_302,Wood and derived timber products,Holz und Holzwerkstoffe,Wood insulation,Holzdämmung,Wood fiber insulation (130 kg/m3),Holzfaserdämmung (130 kg/mł),130,kg/m3,0.05,5,2,TRUE,"Lambda from IBO (2018a), rest assumption samed as wood fiberboard porous","('eicutoff391', 'd7fc788c44e51f4167e74f0a5e2a4cea')",m3,,,50,Bau-EPD GmbH (2015),2.22.5.3.,wc_17
HO_303,Wood and derived timber products,Holz und Holzwerkstoffe,Wood insulation,Holzdämmung,Wood fiber insulation (180 kg/m3),Holzfaserdämmung (180 kg/mł),180,kg/m3,0.05,5,2,TRUE,"Lambda from IBO (2018a), rest assumption samed as wood fiberboard porous","('eicutoff391', 'd7fc788c44e51f4167e74f0a5e2a4cea')",m3,,,50,Bau-EPD GmbH (2015),2.22.5.3.,wc_17
HO_304,Wood and derived timber products,Holz und Holzwerkstoffe,Wood insulation,Holzdämmung,Wood fiber insulation (250 kg/m3),Holzfaserdämmung (250 kg/mł),250,kg/m3,0.05,5,2,TRUE,"Lambda from IBO (2018a), rest assumption samed as wood fiberboard porous","('eicutoff391', 'd7fc788c44e51f4167e74f0a5e2a4cea')",m3,,,50,Bau-EPD GmbH (2015),2.22.5.3.,wc_17
HO_305,Wood and derived timber products,Holz und Holzwerkstoffe,Wood insulation,Holzdämmung,"Wood fiberboard, porous (250 kg/m3)","Holzfaserplatte, porös (250 kg/m3)",250,kg/m3,0.05,5,2,TRUE,IBO (2018a),"('eicutoff391', '524c3b4fd48aa04afae01de406a6616e')",m3,,,50,Bau-EPD GmbH (2015),2.22.5.3.,wc_17
HO_306,Wood and derived timber products,Holz und Holzwerkstoffe,Wood insulation,Holzdämmung,"Wood fiberboard, porous (270 kg/m3)","Holzfaserplatte, porös (270 kg/m3)",270,kg/m3,0.05,5,2,TRUE,IBO (2018a),"('eicutoff391', '524c3b4fd48aa04afae01de406a6616e')",m3,,,50,Bau-EPD GmbH (2015),2.22.5.3.,wc_17
HO_307,Wood and derived timber products,Holz und Holzwerkstoffe,Wood insulation,Holzdämmung,"Wood fiberboard, porous, impregnated w. natural resins","Holzfaserplatte, porös, naturharz imprägniert",270,kg/m3,0.05,5,2,TRUE,IBO (2018a),"('eicutoff391', '524c3b4fd48aa04afae01de406a6616e')",m3,,,50,Bau-EPD GmbH (2015),2.22.5.3.,wc_17
HO_308,Wood and derived timber products,Holz und Holzwerkstoffe,Wood insulation,Holzdämmung,"Wood fiberboard, porous, bitumenized","Holzfaserplatte, porös, bituminiert",270,kg/m3,0.05,5,2,TRUE,IBO (2018a),"('TUG', 'aaa3ab5c4e754b4fa789afbc40ae4306')",m3,,,50,Bau-EPD GmbH (2015),2.22.5.3.,wc_17
HO_309,Wood and derived timber products,Holz und Holzwerkstoffe,Wood insulation,Holzdämmung,Wood wool,Holzwolle,500,kg/m3,0.1,5,1,TRUE,"Assumed same as ""Holzwolleleichtbauplatte, zementgebunden""","('eicutoff391', '51ab328e6e4b713355c8c01b8a3c7796')",kg,,,50,Bau-EPD GmbH (2015),2.22.5.3.,wc_17
HO_310,Wood and derived timber products,Holz und Holzwerkstoffe,Wood insulation,Holzdämmung,"Wood wool lightweight panel, cement-bonded","Holzwolleleichtbauplatte, zementgebunden",500,kg/m3,0.1,5,1,TRUE,IBO (2018a),"('eicutoff391', 'cb74dee9e3af4f415755056c8ec54b37')",m3,,,50,Bau-EPD GmbH (2015),2.22.5.3.,wc_17
HO_311,Wood and derived timber products,Holz und Holzwerkstoffe,Wood insulation,Holzdämmung,"Wood wool lightweight panel, magnesite-bonded  (unspecified)","Holzwolleleichtbauplatte, magnesitgebunden (unspezifiziert)",500,kg/m3,0.1,5,1,TRUE,IBO (2018a),"('eicutoff391', 'cb74dee9e3af4f415755056c8ec54b37')",m3,,,50,Bau-EPD GmbH (2015),2.22.5.3.,wc_17
HO_312,Wood and derived timber products,Holz und Holzwerkstoffe,Wood insulation,Holzdämmung,"Wood wool lightweight panel, magnesite-bonded  (350 kg/m3)",Holzwolleleichtbauplatte magnesitgebunden (350 kg/m3),350,kg/m3,0.1,5,1,TRUE,"Assumed same as ""Holzwolleleichtbauplatte, magnesitgebunden""","('eicutoff391', 'cb74dee9e3af4f415755056c8ec54b37')",m3,,,50,Bau-EPD GmbH (2015),2.22.5.3.,wc_17
HO_313,Wood and derived timber products,Holz und Holzwerkstoffe,Wood insulation,Holzdämmung,"Wood wool lightweight panel, magnesite-bonded  (400 kg/m3)","Holzwolleleichtbauplatte, magnesitgebunden (400 kg/m3)",400,kg/m3,0.1,5,1,TRUE,IBO (2018a),"('eicutoff391', 'cb74dee9e3af4f415755056c8ec54b37')",m3,,,50,Bau-EPD GmbH (2015),2.22.5.3.,wc_17
HO_314,Wood and derived timber products,Holz und Holzwerkstoffe,Wood insulation,Holzdämmung,"Wood wool lightweight panel, magnesite-bonded  (550 kg/m3)",Holzwolleleichtbauplatte magnesitgebunden (550 kg/m3),550,kg/m3,0.1,5,1,TRUE,"Assumed same as ""Holzwolleleichtbauplatte, magnesitgebunden""","('eicutoff391', 'cb74dee9e3af4f415755056c8ec54b37')",m3,,,50,Bau-EPD GmbH (2015),2.22.5.3.,wc_17
HO_401,Wood and derived timber products,Holz und Holzwerkstoffe,Wood flooring,Holzböden ,Wooden plank floor,Holzdielenboden,630,kg/m3,0.13,50,2,TRUE,IBO (2018a),"('TUG', 'f2904d2b6981451687e63b97164105e2')",m3,,,25,Bau-EPD GmbH (2015),2.7.4.,wc_09
HO_402,Wood and derived timber products,Holz und Holzwerkstoffe,Wood flooring,Holzböden ,Solid wood parquet,Fertigparkett / Massivparkett,740,kg/m3,0.17,50,2,TRUE,IBO (2018a),"('eicutoff391', '55e8298fad7e612acfb4bc99478d95c2')",m3,,,25,Bau-EPD GmbH (2015),2.7.4.,wc_09
HO_501,Wood and derived timber products,Holz und Holzwerkstoffe,Bamboo,Bambusholz,Engineered bamboo (GLB/CLB),Technischer Bambus (GLB/CLB),650,kg/m3,0.34,,,TRUE,Carcassi et al. (2022),"('TUG', 'de01d253d7f543189d5d8e3f3cfb50df')",m3,,,100,Assumed same as structural wood,2.7.4.,wc_09
HO_502,Wood and derived timber products,Holz und Holzwerkstoffe,Bamboo,Bambusholz,Laminated bamboo (flooring and cladding),Laminierter Bambus (Fußböden und Verkleidungen),650,kg/m3,0.34,,,TRUE,Carcassi et al. (2022),"('TUG', 'a34d3a0d2ad24645ae64cd6f07ec04e9')",m3,,,25,Assumed same as wood flooring,2.7.4.,wc_09
KU_101,Synthetic materials,Kunststoffe,Sealings,Abdichtungen ,Bitumen,Bitumen,1050,kg/m3,0.23,45000,1.26,TRUE,IBO (2018a),"('eicutoff391', '89e06ea6875fd7952b5063c7c94b503f')",kg,,,50,Bau-EPD GmbH (2015),2.1.2.,wc_22
KU_102,Synthetic materials,Kunststoffe,Sealings,Abdichtungen ,Bitumen coating,Bitumenanstrich,1050,kg/m3,0.25,45000,1.26,TRUE,IBO (2018a),"('eicutoff391', '7c13a25eb66212ad6332da1867ceb4b0')",kg,,,50,Bau-EPD GmbH (2015),2.1.2.,wc_22
KU_103,Synthetic materials,Kunststoffe,Sealings,Abdichtungen ,Polymer bitumen sealing sheet (roof),Polymerbitumen-Dichtungsbahn (Dach),1100,kg/m3,0.17,40500,1.26,TRUE,IBO (2018a),"('eicutoff391', 'baa8e3dfddc6909cd8b770eb967b0306')",kg,,,30,Bau-EPD GmbH (2015),2.1.1.,wc_22
KU_104,Synthetic materials,Kunststoffe,Sealings,Abdichtungen ,Polymer bitumen sealing sheet (other than roof),Polymerbitumen-Dichtungsbahn (außer Dach),1100,kg/m3,0.17,40500,1.26,TRUE,IBO (2018a),"('eicutoff391', 'baa8e3dfddc6909cd8b770eb967b0306')",kg,,,50,Bau-EPD GmbH (2015),2.1.1.,wc_22
KU_105,Synthetic materials,Kunststoffe,Sealings,Abdichtungen ,Bitumen aluminum layer,Aluminium-Bitumendichtungsbahn,1247,kg/m3,0.17,1500,1.26,TRUE,IBO (2018a),"('eicutoff391', 'e77cb1499a7f9a645e1c58c911583bc4')",kg,,,50,Bau-EPD GmbH (2015),2.1.1.,wc_22
KU_106,Synthetic materials,Kunststoffe,Sealings,Abdichtungen ,Oil sealing,Ölabdichtung,1050,kg/m3,0.23,45000,1.26,TRUE,Assumption same as bitumen,"('eicutoff391', 'c8d1964f2b32187ea4f2061972473865')",kg,,,10,Hoxha et al. (2021),2.1.4.,wc_30
KU_107,Synthetic materials,Kunststoffe,Sealings,Abdichtungen ,Vapor pressure compensation layer,Dampfdruck-Ausgleichsschicht,1060,kg/m3,0.17,40500,1.26,TRUE,IBO (2018a),"('eicutoff391', '7c13a25eb66212ad6332da1867ceb4b0')",kg,,,50,Bau-EPD GmbH (2015),2.1.3.,wc_23
KU_108,Synthetic materials,Kunststoffe,Sealings,Abdichtungen ,PE foil,PE-Folie,600,kg/m3,0.23,100000,0.79,TRUE,IBO (2018a),"('eicutoff391', '2cd4563848298f6b484f98073b8cd277')",kg,,,50,Bau-EPD GmbH (2015),2.1.3.,wc_23
KU_109,Synthetic materials,Kunststoffe,Sealings,Abdichtungen ,Open-diffusion PE foil,PE-Folie diffusionsoffen,600,kg/m3,0.2,100,1.4,TRUE,IBO (2018a),"('eicutoff391', '2cd4563848298f6b484f98073b8cd277')",kg,,,50,Bau-EPD GmbH (2015),2.1.3.,wc_23
KU_110,Synthetic materials,Kunststoffe,Sealings,Abdichtungen ,Liquid film,Flüssige Folie,1050,kg/m3,0.23,45000,1.26,TRUE,Assumption same as bitumen,"('eicutoff391', '89e06ea6875fd7952b5063c7c94b503f')",kg,,,50,Bau-EPD GmbH (2015),2.1.1.,wc_24
KU_111,Synthetic materials,Kunststoffe,Sealings,Abdichtungen ,Vapor barrier PE (sd = 20),Dampfbremse PE (sd = 20),1100,kg/m3,0.2,20,0.9,TRUE,IBO (2018a),"('eicutoff391', '2cd4563848298f6b484f98073b8cd277')",kg,,,50,Bau-EPD GmbH (2015),2.1.3.,wc_23
KU_112,Synthetic materials,Kunststoffe,Sealings,Abdichtungen ,Vapor barrier PE (sd = 10),Dampfbremse PE (sd = 10),1100,kg/m3,0.2,10,1.4,TRUE,IBO (2018a),"('eicutoff391', '2cd4563848298f6b484f98073b8cd277')",kg,,,50,Bau-EPD GmbH (2015),2.1.3.,wc_23
KU_113,Synthetic materials,Kunststoffe,Sealings,Abdichtungen ,Geomembrane polyethylene (PE),Dichtungsbahn Polyethylen (PE),1000,kg/m3,0.2,10,1.4,TRUE,Assumption same as vapor barrier sd=10,"('eicutoff391', '3f669d42c5a7d2a2a64a5dbc0fba493c')",kg,,,30,Bau-EPD GmbH (2015),2.1.3.,wc_23
KU_114,Synthetic materials,Kunststoffe,Sealings,Abdichtungen ,Fleece (PP),Vlies (PP),600,kg/m3,0.5,1000,1,TRUE,IBO (2018a),"('eicutoff391', '2cd4563848298f6b484f98073b8cd277')",kg,,,50,Bau-EPD GmbH (2015),2.1.3.,wc_23
KU_115,Synthetic materials,Kunststoffe,Sealings,Abdichtungen ,Rubber (EPDM),Gummi (EPDM),1200,kg/m3,0.25,31000,1,TRUE,IBO (2018a),"('eicutoff391', '470eb3c6d83ba956f6f58bf4fd5367ce')",kg,,,30,Bau-EPD GmbH (2015),2.1.1.,wc_24
KU_116,Synthetic materials,Kunststoffe,Sealings,Abdichtungen ,Rubber granulate mat,Gummigranulatmatte,640,kg/m3,0.25,1000,0.9,TRUE,IBO (2018a),"('eicutoff391', '470eb3c6d83ba956f6f58bf4fd5367ce')",kg,,,50,Bau-EPD GmbH (2015),2.1.1.,wc_24
KU_201,Synthetic materials,Kunststoffe,Synthetic insulation,Kunststoffdämmung,Expanded polystyrene (EPS) impact sound insulation,Polystyrol expandiert (EPS) Trittschalldämmung,11,kg/m3,0.044,20,1.5,TRUE,IBO (2018a),"('eicutoff391', '2d1a6f71ee1b61ae0650e97319e5fad2')",kg,,,50,Bau-EPD GmbH (2015),2.22.1.1,wc_18
KU_202,Synthetic materials,Kunststoffe,Synthetic insulation,Kunststoffdämmung,Expanded polystyrene EPS (unspecified),Polystyrol expandiert EPS (unspezifiziert),30,kg/m3,0.035,30,1.45,TRUE,Assumption same as EPS 30,"('eicutoff391', '2d1a6f71ee1b61ae0650e97319e5fad2')",kg,,,50,Bau-EPD GmbH (2015),2.22.1.1,wc_18
KU_203,Synthetic materials,Kunststoffe,Synthetic insulation,Kunststoffdämmung,Expanded polystyrene EPS (17 kg/m3),Polystyrol expandiert EPS (17 kg/m3),17,kg/m3,0.04,35,1.45,TRUE,Assumption same as EPS 18,"('eicutoff391', '2d1a6f71ee1b61ae0650e97319e5fad2')",kg,,,50,Bau-EPD GmbH (2015),2.22.1.1,wc_18
KU_204,Synthetic materials,Kunststoffe,Synthetic insulation,Kunststoffdämmung,Expanded polystyrene EPS for façades (18 kg/m3),Polystyrol expandiert EPS für Fassade (18 kg/m3),18,kg/m3,0.04,35,1.45,TRUE,IBO (2018a),"('eicutoff391', '2d1a6f71ee1b61ae0650e97319e5fad2')",kg,,,50,Bau-EPD GmbH (2015),2.22.1.1,wc_18
KU_205,Synthetic materials,Kunststoffe,Synthetic insulation,Kunststoffdämmung,Expanded polystyrene EPS (20 kg/m3),Polystyrol expandiert EPS (20 kg/m3),20,kg/m3,0.038,30,1.45,TRUE,IBO (2018a),"('eicutoff391', '2d1a6f71ee1b61ae0650e97319e5fad2')",kg,,,50,Bau-EPD GmbH (2015),2.22.1.1,wc_18
KU_206,Synthetic materials,Kunststoffe,Synthetic insulation,Kunststoffdämmung,Expanded polystyrene EPS (25 kg/m3),Polystyrol expandiert EPS (25 kg/m3),25,kg/m3,0.037,30,1.45,TRUE,IBO (2018a),"('eicutoff391', '2d1a6f71ee1b61ae0650e97319e5fad2')",kg,,,50,Bau-EPD GmbH (2015),2.22.1.1,wc_18
KU_207,Synthetic materials,Kunststoffe,Synthetic insulation,Kunststoffdämmung,Expanded polystyrene EPS (30 kg/m3),Polystyrol expandiert EPS (30 kg/m3),30,kg/m3,0.035,30,1.45,TRUE,IBO (2018a),"('eicutoff391', '2d1a6f71ee1b61ae0650e97319e5fad2')",kg,,,50,Bau-EPD GmbH (2015),2.22.1.1,wc_18
KU_208,Synthetic materials,Kunststoffe,Synthetic insulation,Kunststoffdämmung,Polystyrene XPS (unspecified),Polystyrol XPS (unspezifiziert),38,kg/m3,0.04,70,1.45,TRUE,Assumption same as CO2 blown,"('eicutoff391', '943e8c5c4f7fe7133d060c643099f4b7')",kg,,,50,Bau-EPD GmbH (2015),2.22.1.1,wc_18
KU_209,Synthetic materials,Kunststoffe,Synthetic insulation,Kunststoffdämmung,"Polystyrene XPS, HFC-foamed","Polystyrol XPS, HFKW-geschäumt",45,kg/m3,0.032,70,1.45,TRUE,IBO (2018a),"('eicutoff391', '54936c71c40146a144f88785bea25c7f')",kg,,,50,Bau-EPD GmbH (2015),2.22.1.1,wc_18
KU_210,Synthetic materials,Kunststoffe,Synthetic insulation,Kunststoffdämmung,"Polystyrene XPS, CO2-foamed","Polystyrol XPS, CO2-geschäumt",38,kg/m3,0.04,70,1.45,TRUE,IBO (2018a),"('eicutoff391', '943e8c5c4f7fe7133d060c643099f4b7')",kg,,,50,Bau-EPD GmbH (2015),2.22.1.1,wc_18
KU_211,Synthetic materials,Kunststoffe,Synthetic insulation,Kunststoffdämmung,Polystyrene XPS (32 kg/m3),Polystyrol XPS (32 kg/m3),32,kg/m3,0.04,70,1.45,TRUE,Assumption same as CO2 blown,"('eicutoff391', '943e8c5c4f7fe7133d060c643099f4b7')",kg,,,50,Bau-EPD GmbH (2015),2.22.1.1,wc_18
KU_212,Synthetic materials,Kunststoffe,Synthetic insulation,Kunststoffdämmung,Polystyrene XPS (38 kg/m3),Polystyrol XPS (38 kg/m3),38,kg/m3,0.04,70,1.45,TRUE,Assumption same as CO2 blown,"('eicutoff391', '943e8c5c4f7fe7133d060c643099f4b7')",kg,,,50,Bau-EPD GmbH (2015),2.22.1.1,wc_18
KU_213,Synthetic materials,Kunststoffe,Synthetic insulation,Kunststoffdämmung,Polyethylene soft foam,PE Weichschaum,34,kg/m3,0.04,500,0.9,TRUE,IBO (2018a),"('TUG', 'a6f3055f03d149a29b066f80afe8c53e')",kg,,,50,Bau-EPD GmbH (2015),2.22.1.,wc_18
KU_214,Synthetic materials,Kunststoffe,Synthetic insulation,Kunststoffdämmung,Polyethylene foam,Polyethylenschaum,70,kg/m3,0.04,500,0.9,TRUE,Assumption same as PE soft foam,"('TUG', 'a6f3055f03d149a29b066f80afe8c53e')",kg,,,50,Bau-EPD GmbH (2015),2.22.1.,wc_18
KU_215,Synthetic materials,Kunststoffe,Synthetic insulation,Kunststoffdämmung,Polyurethane (PUR/PIR),Polyurethan (PUR/PIR),32,kg/m3,0.025,,1.45,TRUE,https://highperformanceinsulation.eu/wp-content/uploads/2016/08/Thermal_insulation_materials_made_of_rigid_polyurethane_foam.pdf,"('eicutoff391', '144ad0eed627daa1ea2416a48e1b05d1')",kg,,,50,Bau-EPD GmbH (2015),2.22.1.,wc_18
KU_217,Synthetic materials,Kunststoffe,Synthetic insulation,Kunststoffdämmung,"Expanded polystyrene EPS, with 45% recycled material","Polystyrol expandiert EPS, mit 45% recyceltem Material",30,kg/m3,0.036,30,1.45,TRUE,Assumed same as EPS 30,"('eicutoff391', '44f387edcaf5b38ccd4a348c7c758edd')",kg,,,50,Assumed same as other EPS,2.22.1.1,wc_18
KU_218,Synthetic materials,Kunststoffe,Synthetic insulation,Kunststoffdämmung,"Expanded polystyrene EPS, with 100% recycled material","Polystyrol expandiert EPS, mit 100% recyceltem Material",30,kg/m3,0.036,30,1.45,TRUE,Assumed same as EPS 30,"('eicutoff391', '8c36f6a34a7b0d7af365a8c917a9233b')",kg,,,50,Assumed same as other EPS,2.22.1.1,wc_18
KU_301,Synthetic materials,Kunststoffe,Light aggregates,Leichte Aggregate,"EPS, cement-bounded (unspecified)","EPS, zementgebunden (unspezifiziert)",125,kg/m3,0.06,,,TRUE,Assumed same as EPS 125 kg/m3,"('TUG', '4246d450086a439dbfd7ff122a560c9d')",kg,,,60,Bau-EPD GmbH (2015),2.22.1.1,wc_18
KU_302,Synthetic materials,Kunststoffe,Light aggregates,Leichte Aggregate,"EPS, cement-bounded (82 kg/m3)","EPS, zementgebunden (82 kg/m3)",82,kg/m3,0.05,,,TRUE,IBO (2018a),"('TUG', '4246d450086a439dbfd7ff122a560c9d')",kg,,,60,Bau-EPD GmbH (2015),2.22.1.1,wc_18
KU_303,Synthetic materials,Kunststoffe,Light aggregates,Leichte Aggregate,"EPS, cement-bounded (99 kg/m3)","EPS, zementgebunden (99 kg/m3)",99,kg/m3,0.05,,,TRUE,IBO (2018a),"('TUG', '4246d450086a439dbfd7ff122a560c9d')",kg,,,60,Bau-EPD GmbH (2015),2.22.1.1,wc_18
KU_304,Synthetic materials,Kunststoffe,Light aggregates,Leichte Aggregate,"EPS, cement-bounded (125 kg/m3)","EPS, zementgebunden (125 kg/m3)",125,kg/m3,0.06,,,TRUE,IBO (2018a),"('TUG', '4246d450086a439dbfd7ff122a560c9d')",kg,,,60,Bau-EPD GmbH (2015),2.22.1.1,wc_18
KU_305,Synthetic materials,Kunststoffe,Light aggregates,Leichte Aggregate,Drainage panel (30 kg/m3),Drainageplatte (30 kg/m3),30,kg/m3,1,30,1.45,TRUE,IBO (2018a),"('eicutoff391', '1580abc0d8542f9117775cc18e264f97')",kg,,,40,Bau-EPD GmbH (2015),2.18.1.,wc_23
KU_401,Synthetic materials,Kunststoffe,Paints,Farben,Acrylic binder,Acrylbindemittel,1200,kg/m3,,,,TRUE,Density from Hoxha et al. (2021),"('eicutoff391', '524c79e81a227846e1bb6701c304b1af')",kg,,,15,Scherz et al. (2023),2.24.1.,wc_30
KU_402,Synthetic materials,Kunststoffe,Paints,Farben,Acrylic paint,Acrylfarbe,1200,kg/m3,,,,TRUE,Assumed same as acrylic binder,"('eicutoff391', '15dad396b4952abfa580d8e075fe09df')",kg,,,15,Scherz et al. (2023),2.24.1.,wc_30
KU_601,Synthetic materials,Kunststoffe,Other synthetics,Andere Kunststoffe,Polyamid,Polyamid,1130,kg/m3,0.25,,,TRUE,IBO (2018a),"('eicutoff391', '71a5c21063139253e2b06102a39db4d9')",kg,,,50,Bau-EPD GmbH (2015),2.18.1.,wc_23
KU_602,Synthetic materials,Kunststoffe,Other synthetics,Andere Kunststoffe,Glass fiber reinforcement,Glasfaserarmierung,1000,kg/m3,0.2,,,TRUE,IBO (2018a),"('eicutoff391', 'c4b1b1cfe654dcb89b74982ff26f2121')",kg,,,50,Bau-EPD GmbH (2015),2.8.3.,wc_04
KU_603,Synthetic materials,Kunststoffe,Other synthetics,Andere Kunststoffe,Adhesive - synthetic resin-based,"Kleber, Kunstharzkleber",1200,kg/m3,0.9,,,TRUE,IBO (2018a),"('eicutoff391', 'fee3690b8beeaf46933a10d73b06614e')",kg,,,50,Bau-EPD GmbH (2015),2.18.1.,wc_30
KU_604,Synthetic materials,Kunststoffe,Other synthetics,Andere Kunststoffe,Acrylonitrile-butadiene-styrene copolymer (ABS),Acrylnitril-Butadien-Styrol-Copolymer (ABS),1050,kg/m3,,,,TRUE,Density from Hoxha et al. (2021),"('eicutoff391', 'cba9ab2cde6ff500b67a0ddc1be32aaa')",kg,,,20,Hoxha et al. (2021),2.18.1.,wc_23
KU_605,Synthetic materials,Kunststoffe,Other synthetics,Andere Kunststoffe,Antifreeze liquid (propylene glycol),Frostschutzmittel flüssig (Propylenglykol),1040,kg/m3,,,,TRUE,Density from Hoxha et al. (2021),"('eicutoff391', '5b2d91c02f868aa3061f3b2a4844f898')",kg,,,20,Hoxha et al. (2021),2.18.1.,wc_37
KU_606,Synthetic materials,Kunststoffe,Other synthetics,Andere Kunststoffe,Epoxy resin,Epoxidharz,,,,,,TRUE,,"('eicutoff391', '77f13a5bd86bb30dcc4f7f03d779b6f0')",kg,,,10,Hoxha et al. (2021),2.18.1.,wc_30
KU_607,Synthetic materials,Kunststoffe,Other synthetics,Andere Kunststoffe,Polyethylene (PE),Polyethylen (PE),980,kg/m3,0.5,,,TRUE,IBO (2018a),"('eicutoff391', '4dcf4c7bf4b266d62e2e0e5e2c901c77')",kg,,,10,Hoxha et al. (2021),2.18.1.,wc_23
KU_608,Synthetic materials,Kunststoffe,Other synthetics,Andere Kunststoffe,Polyphtalamide (PA),Polyphtalamide (PA),,,,,,TRUE,,"('eicutoff391', 'ee8585410e42ea37919e3045434ebfd9')",kg,,,20,Hoxha et al. (2021),2.18.1.,wc_23
KU_609,Synthetic materials,Kunststoffe,Other synthetics,Andere Kunststoffe,Polyethylene terephthalate (PET/PBT),Polyethylenterephthalat (PET/PBT),980,kg/m3,,,,TRUE,Density assumed same as PE,"('eicutoff391', '4e0bd40cc2a9ada90332f9b486662646')",kg,,,20,Hoxha et al. (2021),2.18.1.,wc_23
KU_610,Synthetic materials,Kunststoffe,Other synthetics,Andere Kunststoffe,Phenolic resin (PF),Phenolharz (PF),40,kg/m3,,,,TRUE,Density taken from Rizzotti (2022),"('eicutoff391', '53d1cd5f0c52d378759f82a80d0780dc')",kg,,,10,Hoxha et al. (2021),2.18.1.,wc_23
KU_611,Synthetic materials,Kunststoffe,Other synthetics,Andere Kunststoffe,Plexiglass (Polymethyl methacrylate - PMMA),Plexiglas (Polymethylmethacrylat - PMMA),1180,kg/m3,,,,TRUE,Density taken from Rizzotti (2022),"('eicutoff391', 'c736db0ab91f6142cec89fbdaf135b6d')",kg,,,25,Hoxha et al. (2021),2.18.1.,wc_23
KU_612,Synthetic materials,Kunststoffe,Other synthetics,Andere Kunststoffe,Polycarbonate,Polycarbonat,1200,kg/m3,,,,TRUE,Density taken from Rizzotti (2022),"('eicutoff391', '1d7e43b76eb99735dd0ccdf32e7bc27c')",kg,,,25,Hoxha et al. (2021),2.18.1.,wc_23
KU_613,Synthetic materials,Kunststoffe,Other synthetics,Andere Kunststoffe,Polyester,Polyester,1500,kg/m3,,,,TRUE,Density taken from Rizzotti (2022),"('eicutoff391', 'e1780e0c82636eeb4a7a8349057bbf17')",kg,,,20,Hoxha et al. (2021),2.18.1.,wc_23
KU_614,Synthetic materials,Kunststoffe,Other synthetics,Andere Kunststoffe,"Polyester, unsaturated","Polyester, ungesättigt",1500,kg/m3,,,,TRUE,Density assumed same as polyester,"('eicutoff391', 'e1780e0c82636eeb4a7a8349057bbf17')",kg,,,10,Hoxha et al. (2021),2.18.1.,wc_23
KU_615,Synthetic materials,Kunststoffe,Other synthetics,Andere Kunststoffe,Polyoelfin,Polyoelfin,,,,,,TRUE,,"('TUG', '66e90cf130f44496ac065ef93ad2c4b6')",kg,,,15,Hoxha et al. (2021),2.18.1.,wc_23
KU_616,Synthetic materials,Kunststoffe,Other synthetics,Andere Kunststoffe,Polypropylene (PP),Polypropylen (PP),910,kg/m3,,,,TRUE,Density taken from Rizzotti (2022),"('eicutoff391', '042ca442106a699ea05217172d5a9541')",kg,,,20,Hoxha et al. (2021),2.18.1.,wc_23
KU_617,Synthetic materials,Kunststoffe,Other synthetics,Andere Kunststoffe,Polyvinylchloride (PVC),Polyvinylchlorid (PVC),1550,kg/m3,,,,TRUE,Density taken from Rizzotti (2022),"('eicutoff391', '6e2a1f371a8f850eca090c624ce3686b')",kg,,,10,Bau-EPD GmbH (2015),2.18.1.,wc_23
KU_618,Synthetic materials,Kunststoffe,Other synthetics,Andere Kunststoffe,Sulfur hexafluoride gas,Schwefelhexafluoridgas,,,,,,TRUE,,"('eicutoff391', '62f96280fc2bd351e2ce98e3813e7278')",kg,,,10,Hoxha et al. (2021),2.18.1.,wc_23
KU_619,Synthetic materials,Kunststoffe,Other synthetics,Andere Kunststoffe,Polybutadiene,Polybutadien,,,,,,TRUE,,"('eicutoff391', '55ace88a79892c1a439aa9e9d00b65e2')",kg,,,20,Assumed same as PP,2.18.1.,wc_23
MI_101,Mineral construction materials,Mineralische Baustoffe,Concrete and cement,Beton und Zement,"Normal concrete, average cement mix","Normalbeton, durchschnittlicher Zementmix",2400,kg/m3,2.3,100,1.16,TRUE,"Density from Schneider (2004), rest from IBO (2018a)","('eicutoff391', '2725a4ad7f001004441cb28551d9d8e6')",m3,,,100,Bau-EPD GmbH (2015),1.1.1.,wc_03
MI_102,Mineral construction materials,Mineralische Baustoffe,Concrete and cement,Beton und Zement,Normal concrete with 1% reinforcement,Normalbeton mit Bewehrung 1%,2500,kg/m3,2.3,100,1.16,TRUE,"Density from Schneider (2004), rest from IBO (2018a)","('TUG', '378f8ad968d54ff8b8195ccd524e6526_copy1')",m3,,,100,Bau-EPD GmbH (2015),1.1.1.,wc_03
MI_103,Mineral construction materials,Mineralische Baustoffe,Concrete and cement,Beton und Zement,Normal concrete with 2% reinforcement,Normalbeton mit Bewehrung 2%,2500,kg/m3,2.3,100,1.16,TRUE,"Density from Schneider (2004), rest from IBO (2018a)","('TUG', '378f8ad968d54ff8b8195ccd524e6526_copy2')",m3,,,100,Bau-EPD GmbH (2015),1.1.1.,wc_03
MI_104,Mineral construction materials,Mineralische Baustoffe,Concrete and cement,Beton und Zement,"Normal concrete, CEM I","Normalbeton, CEM I",2400,kg/m3,2.3,100,1.16,TRUE,Assumed same as normal concrete,"('eicutoff391', 'fd57fd9355ed9dce574efe9441f02fff')",m3,,,100,Bau-EPD GmbH (2015),1.1.1.,wc_03
MI_105,Mineral construction materials,Mineralische Baustoffe,Concrete and cement,Beton und Zement,"Normal concrete, CEM II/A","Normalbeton, CEM II/A",2400,kg/m3,2.3,100,1.16,TRUE,Assumed same as normal concrete,"('eicutoff391', 'e1caf58cffc19d4ce2e46015a999bce1')",m3,,,100,Bau-EPD GmbH (2015),1.1.1.,wc_03
MI_106,Mineral construction materials,Mineralische Baustoffe,Concrete and cement,Beton und Zement,"Normal concrete, CEM II/B","Normalbeton, CEM II/B",2400,kg/m3,2.3,100,1.16,TRUE,Assumed same as normal concrete,"('eicutoff391', 'cc68908d9ba250caad00649e3d285543')",m3,,,100,Bau-EPD GmbH (2015),1.1.1.,wc_03
MI_107,Mineral construction materials,Mineralische Baustoffe,Concrete and cement,Beton und Zement,"Normal concrete, CEM III/A","Normalbeton, CEM III/A",2400,kg/m3,2.3,100,1.16,TRUE,Assumed same as normal concrete,"('TUG', '8cf0c23bd3ba86877f8ad81886f51fc7_copy1')",m3,,,100,Bau-EPD GmbH (2015),1.1.1.,wc_03
MI_108,Mineral construction materials,Mineralische Baustoffe,Concrete and cement,Beton und Zement,"Normal concrete, CEM III/C","Normalbeton, CEM III/C",2400,kg/m3,2.3,100,1.16,TRUE,Assumed same as normal concrete,"('TUG', '8cf0c23bd3ba86877f8ad81886f51fc7_copy2')",m3,,,100,Bau-EPD GmbH (2015),1.1.1.,wc_03
MI_109,Mineral construction materials,Mineralische Baustoffe,Concrete and cement,Beton und Zement,"Normal concrete, CEM V/B","Normalbeton, CEM V/B",2400,kg/m3,2.3,100,1.16,TRUE,Assumed same as normal concrete,"('TUG', '8cf0c23bd3ba86877f8ad81886f51fc7_copy3')",m3,,,100,Bau-EPD GmbH (2015),1.1.1.,wc_03
MI_110,Mineral construction materials,Mineralische Baustoffe,Concrete and cement,Beton und Zement,Concrete foundation,Betonfundament,2400,kg/m3,2.3,100,1.16,TRUE,Assumed same as normal concrete,"('eicutoff391', '2725a4ad7f001004441cb28551d9d8e6')",m3,,,100,Bau-EPD GmbH (2015),1.1.1.,wc_03
MI_111,Mineral construction materials,Mineralische Baustoffe,Concrete and cement,Beton und Zement,Lightweight concrete with expanded clay or brick chippings as aggregates ,Leichtbetone mit Blähton oder Ziegelsplitt als Leichtgesteinskörnung ,1500,kg/m3,0.6,,,TRUE,IBO (2018a),"('eicutoff391', '8d945e0d3b3b1e72b2f447b6df6e1d4b')",kg,,,100,Bau-EPD GmbH (2015),2.15.4.,wc_20
MI_112,Mineral construction materials,Mineralische Baustoffe,Concrete and cement,Beton und Zement,Wood-chip concrete,Holzspanbeton,650,kg/m3,0.16,,,TRUE,IBO (2018a),"('TUG', '116cff9a8e564f66b7fdc969087b44e8')",kg,,,100,Bau-EPD GmbH (2015),2.11.4.,wc_03
MI_113,Mineral construction materials,Mineralische Baustoffe,Concrete and cement,Beton und Zement,Concrete roof tile,Betondachstein,2400,kg/m3,1.4,,0.96,TRUE,IBO (2018a),"('eicutoff391', '308a29b5b6b681306a3fe2bef62c400a')",kg,,,80,Bau-EPD GmbH (2015),2.5.2.,wc_03
MI_114,Mineral construction materials,Mineralische Baustoffe,Concrete and cement,Beton und Zement,Concrete hollow-core floor slab (unspecified),Betonhohldiele unspezifiziert (Decke),1400,kg/m3,1,,,TRUE,Assumed same as 280 kg/m3,"('eicutoff391', 'f65605a52ed2177cd4c9d30574674a10')",kg,,,100,Bau-EPD GmbH (2015),2.17.,wc_03
MI_115,Mineral construction materials,Mineralische Baustoffe,Concrete and cement,Beton und Zement,Concrete hollow-core floor slab (200 kg/m2),Betonhohldiele 200 kg/m2 (Decke),1200,kg/m3,1,,,TRUE,IBO (2018a),"('eicutoff391', 'f65605a52ed2177cd4c9d30574674a10')",kg,,,100,Bau-EPD GmbH (2015),2.17.,wc_03
MI_116,Mineral construction materials,Mineralische Baustoffe,Concrete and cement,Beton und Zement,Concrete hollow-core floor slab (280 kg/m2),Betonhohldiele 280 kg/m2 (Decke),1400,kg/m3,1,,,TRUE,IBO (2018a),"('eicutoff391', 'f65605a52ed2177cd4c9d30574674a10')",kg,,,100,Bau-EPD GmbH (2015),2.17.,wc_03
MI_117,Mineral construction materials,Mineralische Baustoffe,Concrete and cement,Beton und Zement,Concrete hollow-core floor slab (360 kg/m2),Betonhohldiele 360 kg/m2 (Decke),1800,kg/m3,1.33,,,TRUE,IBO (2018a),"('eicutoff391', 'f65605a52ed2177cd4c9d30574674a10')",kg,,,100,Bau-EPD GmbH (2015),2.17.,wc_03
MI_118,Mineral construction materials,Mineralische Baustoffe,Concrete and cement,Beton und Zement,Normal concrete hollow blocks,Betonhohlstein aus Normalbeton,1200,kg/m3,0.55,,,TRUE,IBO (2018a),"('eicutoff391', 'f65605a52ed2177cd4c9d30574674a10')",kg,,,100,Bau-EPD GmbH (2015),2.17.,wc_03
MI_119,Mineral construction materials,Mineralische Baustoffe,Concrete and cement,Beton und Zement,Cellular concrete blocks,Porenbetonsteine,500,kg/m3,,,,TRUE,Density taken from Rizzotti (2022),"('eicutoff391', 'fe3ce61b18cbf79a501cc4c80a9e3bc5')",kg,,,100,Assumed same as hollow core concrete block,2.17.,wc_03
MI_120,Mineral construction materials,Mineralische Baustoffe,Concrete and cement,Beton und Zement,Concrete paving blocks,Betonpflasterstein,2000,kg/m3,1.4,,,TRUE,IBO (2018a),"('eicutoff391', 'f65605a52ed2177cd4c9d30574674a10')",kg,,,50,"Assumed same as ""Naturstein""",2.17.,wc_03
MI_121,Mineral construction materials,Mineralische Baustoffe,Concrete and cement,Beton und Zement,Lean concrete,Magerbeton,2000,kg/m3,1.2,100,1.12,TRUE,IBO (2018a),"('eicutoff391', 'd479f417d5f4fd76fcc61a99ac4f042a')",m3,,,100,Bau-EPD GmbH (2015),1.1.1.,wc_03
MI_122,Mineral construction materials,Mineralische Baustoffe,Concrete and cement,Beton und Zement,Screed concrete,Estrichbeton,2000,kg/m3,1.4,50,1.08,TRUE,IBO (2018a),"('eicutoff391', '2725a4ad7f001004441cb28551d9d8e6')",m3,,,60,Bau-EPD GmbH (2015),1.1.1.,wc_03
MI_124,Mineral construction materials,Mineralische Baustoffe,Concrete and cement,Beton und Zement,Water resistant concrete,WU-Beton,2335,kg/m3,2.3,100,1.13,TRUE,IBO (2018a),"('eicutoff391', '2725a4ad7f001004441cb28551d9d8e6')",m3,,,100,Bau-EPD GmbH (2015),1.1.1.,wc_03
MI_125,Mineral construction materials,Mineralische Baustoffe,Concrete and cement,Beton und Zement,Water resistant concrete with 1% reinforcement,WU-Beton mit Bewehrung 1 %,2335,kg/m3,2.3,100,1.13,TRUE,Assumed same as WU-Beton,"('TUG', '378f8ad968d54ff8b8195ccd524e6526')",m3,,,100,Bau-EPD GmbH (2015),1.1.1.,wc_03
MI_126,Mineral construction materials,Mineralische Baustoffe,Concrete and cement,Beton und Zement,Cement screed (unspecified),Zement- und Zementfließestrich (unspezifiziert),2000,kg/m3,1.33,35,1.08,TRUE,Assumed same as 2000 kg/m3,"('eicutoff391', 'a2d1e0562e978eeb0bb37ae0b0e843e1')",kg,,,60,Bau-EPD GmbH (2015),1.3.1.,wc_03
MI_127,Mineral construction materials,Mineralische Baustoffe,Concrete and cement,Beton und Zement,Cement screed (1800 kg/m3),Zement- und Zementfließestrich (1800 kg/m3),1800,kg/m3,1.33,35,1.08,TRUE,IBO (2018a),"('eicutoff391', 'a2d1e0562e978eeb0bb37ae0b0e843e1')",kg,,,60,Bau-EPD GmbH (2015),1.3.1.,wc_03
MI_128,Mineral construction materials,Mineralische Baustoffe,Concrete and cement,Beton und Zement,Cement screed (2000 kg/m3),Zement- und Zementfließestrich (2000 kg/m3),2000,kg/m3,1.33,35,1.08,TRUE,IBO (2018a),"('eicutoff391', 'a2d1e0562e978eeb0bb37ae0b0e843e1')",kg,,,60,Bau-EPD GmbH (2015),1.3.1.,wc_03
MI_129,Mineral construction materials,Mineralische Baustoffe,Concrete and cement,Beton und Zement,Fiber cement board (roof),Faserzementplatte (Dach),2000,kg/m3,0.58,50,1.05,TRUE,IBO (2018a),"('eicutoff391', 'f7cba7c0fefc76cf37a65b48bc0da6dc')",kg,,,40,Bau-EPD GmbH (2015),2.5.5.,wc_19
MI_130,Mineral construction materials,Mineralische Baustoffe,Concrete and cement,Beton und Zement,Fiber cement board (other than roof),Faserzementplatte (außer Dach),2000,kg/m3,0.58,50,1.05,TRUE,IBO (2018a),"('eicutoff391', 'f7cba7c0fefc76cf37a65b48bc0da6dc')",kg,,,80,Bau-EPD GmbH (2015),2.12.1.,wc_19
MI_131,Mineral construction materials,Mineralische Baustoffe,Concrete and cement,Beton und Zement,"Normal concrete, CEM III/C, with 30% recycled aggregates","Normaler Beton, CEM III/C, mit 30% rezyklierter Aggregate",2400,kg/m3,2.3,100,1.16,TRUE,Assumed same as normal concrete,"('TUG', '10acbeb210fce138c5740da4161bcf23_copy1')",m3,,,100,Assumed same as other concrete,1.1.1.,wc_03
MI_201,Mineral construction materials,Mineralische Baustoffe,Plaster and mortar,Gips und Mörtel,Gypsum plaster,Gipsputz,1300,kg/m3,0.6,10,0.8,TRUE,IBO (2018a),"('eicutoff391', '0b4ac2320024c8b8cce38bd333b9817f')",kg,,,100,Bau-EPD GmbH (2015),2.19.3.,wc_21
MI_202,Mineral construction materials,Mineralische Baustoffe,Plaster and mortar,Gips und Mörtel,Cover plaster (gypsum filler),Spachtel - Gipsspachtel,1600,kg/m3,1.4,30,1.12,TRUE,IBO (2018a),"('eicutoff391', 'dbc8e226064d64106d476e978f525ace')",kg,,,100,Bau-EPD GmbH (2015),2.19.3.,wc_21
MI_203,Mineral construction materials,Mineralische Baustoffe,Plaster and mortar,Gips und Mörtel,Adhesive mortar,Klebespachtel (Kleber mineralisch),1400,kg/m3,1,,,TRUE,IBO (2018a),"('eicutoff391', '12bb2e926d08d83099499e9b2936738c')",kg,,,50,Bau-EPD GmbH (2015),2.19.1.,wc_30
MI_204,Mineral construction materials,Mineralische Baustoffe,Plaster and mortar,Gips und Mörtel,Gypsum plasterboard (fire protection),Gipskartonplatte (Flammschutz),850,kg/m3,0.21,8,1.05,TRUE,IBO (2018a),"('eicutoff391', '0b4ac2320024c8b8cce38bd333b9817f')",kg,,,60,Bau-EPD GmbH (2015),2.10.1.,wc_21
MI_205,Mineral construction materials,Mineralische Baustoffe,Plaster and mortar,Gips und Mörtel,Gypsum plasterboard,Gipskartonplatte,850,kg/m3,0.21,8,1.05,TRUE,IBO (2018a),"('eicutoff391', '0b4ac2320024c8b8cce38bd333b9817f')",kg,,,60,Bau-EPD GmbH (2015),2.10.1.,wc_21
MI_206,Mineral construction materials,Mineralische Baustoffe,Plaster and mortar,Gips und Mörtel,Gypsum fiberboard,Gipsfaserplatte,1180,kg/m3,0.36,10,1.05,TRUE,IBO (2018a),"('eicutoff391', '13045f504a3941df05e6e7597e4126cc')",kg,,,60,Bau-EPD GmbH (2015),2.10.1.,wc_21
MI_207,Mineral construction materials,Mineralische Baustoffe,Plaster and mortar,Gips und Mörtel,Lime gypsum plaster,Kalkgipsputz,1300,kg/m3,0.7,10,0.96,TRUE,IBO (2018a),"('eicutoff391', 'dbc8e226064d64106d476e978f525ace')",kg,,,100,Bau-EPD GmbH (2015),2.19.7.,wc_30
MI_208,Mineral construction materials,Mineralische Baustoffe,Plaster and mortar,Gips und Mörtel,Lime plaster,Kalkputz,1400,kg/m3,0.7,10,0.92,TRUE,IBO (2018a),"('TUG', '7894a5d523109ca02440ae1747dfcf4a_copy1')",kg,,,100,Bau-EPD GmbH (2015),2.19.2.,wc_30
MI_209,Mineral construction materials,Mineralische Baustoffe,Plaster and mortar,Gips und Mörtel,Lime cement plaster,Kalk-Zementputz,1800,kg/m3,0.8,15,1.1,TRUE,IBO (2018a),"('eicutoff391', '2206ebd65abbffd2f79881222548b026')",kg,,,100,Bau-EPD GmbH (2015),2.19.6.,wc_30
MI_210,Mineral construction materials,Mineralische Baustoffe,Plaster and mortar,Gips und Mörtel,Silicate plaster,Silikatputz,1800,kg/m3,0.8,35,1.12,TRUE,IBO (2018a),"('eicutoff391', '4d3f885776c45fe143515980a0a119f9')",kg,,,50,Bau-EPD GmbH (2015),2.19.4.,wc_30
MI_211,Mineral construction materials,Mineralische Baustoffe,Plaster and mortar,Gips und Mörtel,Lime cement mortar (unspecified),Kalkzementmörtel (unspezifiziert),1800,kg/m3,0.8,15,1.12,TRUE,Assumed same as 1800 kg/m3,"('eicutoff391', '423ac05f4ffed22bbdc020f616c9eda3')",kg,,,100,Bau-EPD GmbH (2015),2.15.1.,wc_30
MI_212,Mineral construction materials,Mineralische Baustoffe,Plaster and mortar,Gips und Mörtel,Lime cement mortar (1600 kg/m3),Kalkzementmörtel (1600 kg/m3),1600,kg/m3,0.8,15,1.12,TRUE,Assumed same as 1800 kg/m3,"('eicutoff391', '423ac05f4ffed22bbdc020f616c9eda3')",kg,,,100,Bau-EPD GmbH (2015),2.15.1.,wc_30
MI_213,Mineral construction materials,Mineralische Baustoffe,Plaster and mortar,Gips und Mörtel,Lime cement mortar (1700 kg/m3),Kalkzementmörtel (1700 kg/m3),1700,kg/m3,0.8,15,1.12,TRUE,Assumed same as 1800 kg/m3,"('eicutoff391', '423ac05f4ffed22bbdc020f616c9eda3')",kg,,,100,Bau-EPD GmbH (2015),2.15.1.,wc_30
MI_214,Mineral construction materials,Mineralische Baustoffe,Plaster and mortar,Gips und Mörtel,Lime cement mortar (1800 kg/m3),Kalkzementmörtel (1800 kg/m3),1800,kg/m3,0.8,15,1.12,TRUE,IBO (2018a),"('eicutoff391', '423ac05f4ffed22bbdc020f616c9eda3')",kg,,,100,Bau-EPD GmbH (2015),2.15.1.,wc_30
MI_215,Mineral construction materials,Mineralische Baustoffe,Plaster and mortar,Gips und Mörtel,Light masonry mortar,Leichtmauermörtel,1650,kg/m3,0.8,,,TRUE,Density from: https://www.murexin.at/app/media/GB/technicaldatasheets/16725_LEICHTM%C3%96RTEL%20LM%2020%20LIGHT_20200515_113840.pdf / lambda assumed from lime mortar,"('eicutoff391', '57019db16f360993b212b5d8712773bc')",kg,,,100,Bau-EPD GmbH (2015),2.15.1.,wc_30
MI_216,Mineral construction materials,Mineralische Baustoffe,Plaster and mortar,Gips und Mörtel,Standard masonry mortar ,Normalmauermörtel ,2162,kg/m3,0.8,,,TRUE,Density from: https://www.aqua-calc.com/page/density-table/substance/cement-coma-and-blank-mortar / lambda assumed from lime mortar,"('eicutoff391', '4d304bc218228b52c6c6072d1cd548fd')",kg,,,100,Bau-EPD GmbH (2015),2.15.1.,wc_30
MI_217,Mineral construction materials,Mineralische Baustoffe,Plaster and mortar,Gips und Mörtel,Reed plaster base,Schilfrohr-Putzträger,190,kg/m3,0.056,,,TRUE,Density and heat conductivity from: https://www.schilfrohr-sterflinger.de/index.php?nav=technisch&s=t,,,,,100,Bau-EPD GmbH (2015),2.8.,wc_21
MI_218,Mineral construction materials,Mineralische Baustoffe,Plaster and mortar,Gips und Mörtel,"Cover plaster (gypsum filler), from recycled gypsum","Spachtel - Gipsspachtel, aus recyceltem Gips",1600,kg/m3,1.4,30,1.12,TRUE,Density and thermal behavior assumed same as non recycled plaster,"('TUG', 'dbc8e226064d64106d476e978f525ace_copy1')",kg,,,100,Assumed same as non recycled plaster,2.19.3.,wc_21
MI_219,Mineral construction materials,Mineralische Baustoffe,Plaster and mortar,Gips und Mörtel,"Gypsum plasterboard, from recycled gypsum","Gipskartonplatte, aus recyceltem Gips",850,kg/m3,0.21,8,1.05,TRUE,Density and thermal behavior assumed same as non recycled,"('TUG', '0b4ac2320024c8b8cce38bd333b9817f_copy1')",kg,,,60,Assumed same as non recycled,2.10.1.,wc_21
MI_220,Mineral construction materials,Mineralische Baustoffe,Plaster and mortar,Gips und Mörtel,"Gypsum fiberboard, from recycled gypsum","Gipsfaserplatte, aus recyceltem Gips",1180,kg/m3,0.36,10,1.05,TRUE,Density and thermal behavior assumed same as non recycled,"('TUG', '13045f504a3941df05e6e7597e4126cc_copy1')",kg,,,60,Assumed same as non recycled,2.10.1.,wc_21
MI_301,Mineral construction materials,Mineralische Baustoffe,Bricks and other structural ceramics,Ziegel und andere Baukeramik,Solid clay,Massivlehm,2000,kg/m3,1,6,1,TRUE,IBO (2018a),"('eicutoff391', 'ce2483a65174fad01adca028511752f8')",kg,,,100,Bau-EPD GmbH (2015),2.15.2.,wc_01
MI_302,Mineral construction materials,Mineralische Baustoffe,Bricks and other structural ceramics,Ziegel und andere Baukeramik,Expanded clay,Blähton,800,kg/m3,0.18,,,TRUE,IBO (2018a),"('eicutoff391', '52a746058ff4141fbc286c8a41c5f380')",kg,,,100,Bau-EPD GmbH (2015),2.15.2.,wc_01
MI_303,Mineral construction materials,Mineralische Baustoffe,Bricks and other structural ceramics,Ziegel und andere Baukeramik,Clay plaster,Lehmputz,1700,kg/m3,0.81,10,0.94,TRUE,IBO (2018a),"('eicutoff391', '89714c15744f4bffbc1664ca4e8a0feb')",kg,,,100,Bau-EPD GmbH (2015),2.19.5.,wc_01
MI_304,Mineral construction materials,Mineralische Baustoffe,Bricks and other structural ceramics,Ziegel und andere Baukeramik,Vertically perforated brick (unspecified),Hochlochziegel (unspezifiziert),1200,kg/m3,0.38,,,TRUE,Assumed same as 1200 kg/m3,"('eicutoff391', 'f173ff4c7a58506550df10d3d4880199')",kg,,,100,Bau-EPD GmbH (2015),2.15.2.,wc_01
MI_305,Mineral construction materials,Mineralische Baustoffe,Bricks and other structural ceramics,Ziegel und andere Baukeramik,Vertically perforated brick with standard mortar,Hochlochziegel mit Normalmauermörtel ,1200,kg/m3,0.38,,,TRUE,Assumed same as 1200 kg/m3,"('TUG', 'a90948a61ca84ce084ecc6a1f96074bb_copy1')",kg,,,100,Bau-EPD GmbH (2015),2.15.2.,wc_01
MI_306,Mineral construction materials,Mineralische Baustoffe,Bricks and other structural ceramics,Ziegel und andere Baukeramik,Vertically perforated brick (800 kg/m3),Hochlochziegel (800 kg/m3),800,kg/m3,0.27,7,1,TRUE,IBO (2018a),"('eicutoff391', 'f173ff4c7a58506550df10d3d4880199')",kg,,,100,Bau-EPD GmbH (2015),2.15.2.,wc_01
MI_307,Mineral construction materials,Mineralische Baustoffe,Bricks and other structural ceramics,Ziegel und andere Baukeramik,Vertically perforated brick (1200 kg/m3),Hochlochziegel (1200 kg/m3),1200,kg/m3,0.38,,,TRUE,IBO (2018a),"('eicutoff391', 'f173ff4c7a58506550df10d3d4880199')",kg,,,100,Bau-EPD GmbH (2015),2.15.2.,wc_01
MI_308,Mineral construction materials,Mineralische Baustoffe,Bricks and other structural ceramics,Ziegel und andere Baukeramik,Clinker brick,Klinkerziegel / Klinkervoll,2000,kg/m3,1,100,0.9,TRUE,IBO (2018a),"('eicutoff391', 'f173ff4c7a58506550df10d3d4880199')",kg,,,100,Bau-EPD GmbH (2015),2.15.2.,wc_01
MI_309,Mineral construction materials,Mineralische Baustoffe,Bricks and other structural ceramics,Ziegel und andere Baukeramik,Clinker brick with standard mortar,Klinkerziegel mit Normalmauermörtel ,2100,kg/m3,1,100,0.9,TRUE,IBO (2018a),"('TUG', 'a90948a61ca84ce084ecc6a1f96074bb')",kg,,,100,Bau-EPD GmbH (2015),2.15.2.,wc_01
MI_310,Mineral construction materials,Mineralische Baustoffe,Bricks and other structural ceramics,Ziegel und andere Baukeramik,Sound insulating block bricks,Schallschutz-Füllziegel,630,kg/m3,0.39,7,1,TRUE,IBO (2018a),"('eicutoff391', 'ce2483a65174fad01adca028511752f8')",kg,,,100,Bau-EPD GmbH (2015),2.15.2.,wc_01
MI_311,Mineral construction materials,Mineralische Baustoffe,Bricks and other structural ceramics,Ziegel und andere Baukeramik,Heavy brick,"Ziegel, schwer",1105,kg/m3,0.35,7,1,TRUE,IBO (2018a),"('eicutoff391', 'f173ff4c7a58506550df10d3d4880199')",kg,,,100,Bau-EPD GmbH (2015),2.15.2.,wc_01
MI_312,Mineral construction materials,Mineralische Baustoffe,Bricks and other structural ceramics,Ziegel und andere Baukeramik,Sound insulating brick,Schallschutzziegel,1524,kg/m3,0.55,7,1,TRUE,IBO (2018a),"('eicutoff391', 'f173ff4c7a58506550df10d3d4880199')",kg,,,100,Bau-EPD GmbH (2015),2.15.2.,wc_01
MI_313,Mineral construction materials,Mineralische Baustoffe,Bricks and other structural ceramics,Ziegel und andere Baukeramik,Solid brick,Vollziegelmauerwerk,1680,kg/m3,0.35,7,1,TRUE,"Density from https://www.ziegelkontor.de/reichsformat-ziegelsteine-technische-daten.html / rest assumed same as ""Heavy brick""","('eicutoff391', 'f173ff4c7a58506550df10d3d4880199')",kg,,,100,Bau-EPD GmbH (2015),2.15.2.,wc_01
MI_401,Mineral construction materials,Mineralische Baustoffe,Tiles and claddings,Fliesen und Verkleidungen,Ceramic floor tiles,Keramische Beläge,2000,kg/m3,1.3,150,0.84,TRUE,IBO (2018a),"('eicutoff391', '4c4f7ca9062f5f38fe7c02bd57ce2fbd')",kg,,,50,Bau-EPD GmbH (2015),2.12.3.,wc_06
MI_402,Mineral construction materials,Mineralische Baustoffe,Tiles and claddings,Fliesen und Verkleidungen,Ceramic cladding,Keramikverkleidungen,2300,kg/m3,1.3,150,0.84,TRUE,Assumed same as floor tiles,"('eicutoff391', '4c4f7ca9062f5f38fe7c02bd57ce2fbd')",kg,,,50,Bau-EPD GmbH (2015),2.12.3.,wc_06
MI_403,Mineral construction materials,Mineralische Baustoffe,Tiles and claddings,Fliesen und Verkleidungen,Sanitary ceramics,Sanitärkeramik,2000,kg/m3,1.3,,,TRUE,Density taken from Rizzotti (2022),"('eicutoff391', '4d2781508ecd0162f367135558e4b3c4')",kg,,,50,Assumed same as ceramic tile,3.3.3.,wc_06
MI_404,Mineral construction materials,Mineralische Baustoffe,Tiles and claddings,Fliesen und Verkleidungen,Roof tiles,Dachziegel,1800,kg/m3,0.7,10,0.9,TRUE,IBO (2018a),"('eicutoff391', 'c110c95bf075246d1f1e2e15643d8999')",kg,,,70,Bau-EPD GmbH (2015),2.5.3.,wc_01
MI_405,Mineral construction materials,Mineralische Baustoffe,Tiles and claddings,Fliesen und Verkleidungen,Clay roof tile,Tondachziegel,2000,kg/m3,0.7,,,TRUE,IBO (2018a),"('eicutoff391', 'c110c95bf075246d1f1e2e15643d8999')",kg,,,70,Bau-EPD GmbH (2015),2.5.3.,wc_01
MI_406,Mineral construction materials,Mineralische Baustoffe,Tiles and claddings,Fliesen und Verkleidungen,Tiles,Fliesen,2300,kg/m3,1.3,,,TRUE,IBO (2018a),"('eicutoff391', '7198f5ff54c1b3161104853b0916ed74')",kg,,,50,Assumed same as ceramic tile,2.8.5.,wc_05
MI_501,Mineral construction materials,Mineralische Baustoffe,"Earth, stone and aggregates","Erde, Steine und Aggregate",Gravel,Kies,1800,kg/m3,0.7,2,1,TRUE,IBO (2018a),"('eicutoff391', '8650aa8b86e231eecab000664a601c32')",kg,,,100,Bau-EPD GmbH (2015),1.4.1.1,wc_02
MI_502,Mineral construction materials,Mineralische Baustoffe,"Earth, stone and aggregates","Erde, Steine und Aggregate",Stone chippings,Splitt,1600,kg/m3,0.7,2,1,TRUE,IBO (2018a),"('eicutoff391', '8650aa8b86e231eecab000664a601c32')",kg,,,60,Bau-EPD GmbH (2015),1.4.1.1,wc_02
MI_503,Mineral construction materials,Mineralische Baustoffe,"Earth, stone and aggregates","Erde, Steine und Aggregate","Fillings from sand, gravel, chippings","Schüttungen aus Sand, Kies, Splitt",1800,kg/m3,0.7,2,1,FALSE,Assumed same as gravel,"('eicutoff391', '8650aa8b86e231eecab000664a601c32')",kg,,,60,Bau-EPD GmbH (2015),1.4.1.1,wc_02
MI_504,Mineral construction materials,Mineralische Baustoffe,"Earth, stone and aggregates","Erde, Steine und Aggregate",Plant substrate (soil substrate),Pflanzensubstrat (Bodensubstrat),1250,kg/m3,2,,,TRUE,Density taken from Rizzotti (2022),"('TUG', '46ef0f2df58c4767b43d6f3529f5b486')",kg,,,25,Hoxha et al. (2021),1.4.2.,wc_02
MI_505,Mineral construction materials,Mineralische Baustoffe,"Earth, stone and aggregates","Erde, Steine und Aggregate",Foam glass chippings (unspecified),Schaumglasgranulat (unspezifiziert),150,kg/m3,0.14,5,1,TRUE,Assumed same as 150 kg/m3,"('TUG', '934870b579cb4d7e960c824e5393bdd3')",kg,,,100,Bau-EPD GmbH (2015),2.22.2.3.,wc_16
MI_506,Mineral construction materials,Mineralische Baustoffe,"Earth, stone and aggregates","Erde, Steine und Aggregate",Foam glass chippings (150 kg/m3),Schaumglasgranulat (150 kg/m3),150,kg/m3,0.14,5,1,TRUE,IBO (2018a),"('TUG', '934870b579cb4d7e960c824e5393bdd3')",kg,,,100,Bau-EPD GmbH (2015),2.22.2.3.,wc_16
MI_507,Mineral construction materials,Mineralische Baustoffe,"Earth, stone and aggregates","Erde, Steine und Aggregate",Foam glass chippings (210 kg/m3),Schaumglasgranulat (210 kg/m3),210,kg/m3,0.1,5,1,TRUE,IBO (2018a),"('TUG', '934870b579cb4d7e960c824e5393bdd3')",kg,,,100,Bau-EPD GmbH (2015),2.22.2.3.,wc_16
MI_508,Mineral construction materials,Mineralische Baustoffe,"Earth, stone and aggregates","Erde, Steine und Aggregate","Green roof (extensive), without waterproofing membrane","Gründach (extensiv), ohne Abdichtungsbahn",100,kg/m2,,,,TRUE,Lamnatou & Chemisana (2015),"('TUG', '6eab35cc952c40fd8c730f052cbc05fe_copy1')",m2,,,25,Hoxha et al. (2021),1.4.2.,wc_02
MI_509,Mineral construction materials,Mineralische Baustoffe,"Earth, stone and aggregates","Erde, Steine und Aggregate","Green roof (extensive), with waterproofing membrane","Gründach (extensiv), mit Abdichtungsbahn",102,kg/m2,,,,TRUE,Lamnatou & Chemisana (2015),"('TUG', '6eab35cc952c40fd8c730f052cbc05fe')",m2,,,25,Hoxha et al. (2021),1.4.2.,wc_02
MI_510,Mineral construction materials,Mineralische Baustoffe,"Earth, stone and aggregates","Erde, Steine und Aggregate","Green roof (intensive), without waterproofing membrane","Gründach (intensiv), ohne Abdichtungsbahn",964,kg/m2,,,,TRUE,Lamnatou & Chemisana (2015),"('TUG', '6eab35cc952c40fd8c730f052cbc05fe_copy3')",m2,,,25,Hoxha et al. (2021),1.4.2.,wc_02
MI_511,Mineral construction materials,Mineralische Baustoffe,"Earth, stone and aggregates","Erde, Steine und Aggregate","Green roof (intensive), with waterproofing membrane","Gründach (intensiv), mit Abdichtungsbahn",966,kg/m2,,,,TRUE,Lamnatou & Chemisana (2015),"('TUG', '6eab35cc952c40fd8c730f052cbc05fe_copy2')",m2,,,25,Hoxha et al. (2021),1.4.2.,wc_02
MI_513,Mineral construction materials,Mineralische Baustoffe,"Earth, stone and aggregates","Erde, Steine und Aggregate",Rammed earth,Stampflehmwand,1831,kg/m3,,,,TRUE,Density from Fernandes et al. (2019),"('TUG', 'bac4a4cfc0554914935c28c570cee166')",m3,,,100,Assumed same as clay,1.4.2.,wc_02
MI_514,Mineral construction materials,Mineralische Baustoffe,"Earth, stone and aggregates","Erde, Steine und Aggregate",Compressed earth block,Komprimierte Erde Block,1937,kg/m3,,,,TRUE,Density from Fernandes et al. (2019),"('TUG', 'bac4a4cfc0554914935c28c570cee166_copy2')",kg,,,100,Assumed same as clay,1.4.2.,wc_02
MI_601,Mineral construction materials,Mineralische Baustoffe,Mineral insulation,Mineralische Wärmedämmung,Glass wool (unspecified),Glaswolle (unspezifiziert),40,kg/m3,0.035,1,1.03,TRUE,"Density average of all glasswool, rest assumed like 68 kg/m3","('eicutoff391', 'b319940a53dddcf86d6de0d37b88f8d6')",kg,,,50,Bau-EPD GmbH (2015),2.22.2.1.,wc_16
MI_602,Mineral construction materials,Mineralische Baustoffe,Mineral insulation,Mineralische Wärmedämmung,Glass wool (18 kg/m3),Glaswolle (18 kg/m3),18,kg/m3,0.038,1,1.03,TRUE,IBO (2018a),"('eicutoff391', 'b319940a53dddcf86d6de0d37b88f8d6')",kg,,,50,Bau-EPD GmbH (2015),2.22.2.1.,wc_16
MI_603,Mineral construction materials,Mineralische Baustoffe,Mineral insulation,Mineralische Wärmedämmung,Glass wool (20 kg/m3),Glaswolle (20 kg/m3),20,kg/m3,0.038,1,1.03,TRUE,IBO (2018a),"('eicutoff391', 'b319940a53dddcf86d6de0d37b88f8d6')",kg,,,50,Bau-EPD GmbH (2015),2.22.2.1.,wc_16
MI_604,Mineral construction materials,Mineralische Baustoffe,Mineral insulation,Mineralische Wärmedämmung,Glass wool (25 kg/m3),Glaswolle (25 kg/m3),25,kg/m3,0.036,1,1.03,TRUE,IBO (2018a),"('eicutoff391', 'b319940a53dddcf86d6de0d37b88f8d6')",kg,,,50,Bau-EPD GmbH (2015),2.22.2.1.,wc_16
MI_605,Mineral construction materials,Mineralische Baustoffe,Mineral insulation,Mineralische Wärmedämmung,Glass wool (32 kg/m3),Glaswolle (32 kg/m3),32,kg/m3,0.035,1,1.03,TRUE,IBO (2018a),"('eicutoff391', 'b319940a53dddcf86d6de0d37b88f8d6')",kg,,,50,Bau-EPD GmbH (2015),2.22.2.1.,wc_16
MI_606,Mineral construction materials,Mineralische Baustoffe,Mineral insulation,Mineralische Wärmedämmung,Glass wool (40 - 70 kg/m3),Glaswolle (40 - 70 kg/m3),68,kg/m3,0.035,1,1.03,TRUE,IBO (2018a),"('eicutoff391', 'b319940a53dddcf86d6de0d37b88f8d6')",kg,,,50,Bau-EPD GmbH (2015),2.22.2.1.,wc_16
MI_607,Mineral construction materials,Mineralische Baustoffe,Mineral insulation,Mineralische Wärmedämmung,Glass wool (80 kg/m3),Glaswolle (80 kg/m3),80,kg/m3,0.035,1,1.03,TRUE,IBO (2018a),"('eicutoff391', 'b319940a53dddcf86d6de0d37b88f8d6')",kg,,,50,Bau-EPD GmbH (2015),2.22.2.1.,wc_16
MI_608,Mineral construction materials,Mineralische Baustoffe,Mineral insulation,Mineralische Wärmedämmung,Rock wool (unspecified),Steinwolle (unspezifiziert),104,kg/m3,0.04,1,1.03,TRUE,Assumed same as 104 kg/m3,"('eicutoff391', '83237c344c83adaa165667c3a0b7126f')",kg,,,50,Bau-EPD GmbH (2015),2.22.2.1.,wc_16
MI_609,Mineral construction materials,Mineralische Baustoffe,Mineral insulation,Mineralische Wärmedämmung,Rock wool (30 kg/m3),Steinwolle (30 kg/m3),30,kg/m3,0.042,1,1.03,TRUE,IBO (2018a),"('eicutoff391', '83237c344c83adaa165667c3a0b7126f')",kg,,,50,Bau-EPD GmbH (2015),2.22.2.1.,wc_16
MI_610,Mineral construction materials,Mineralische Baustoffe,Mineral insulation,Mineralische Wärmedämmung,Rock wool (33 kg/m3),Steinwolle (33 kg/m3),33,kg/m3,0.042,1,1.03,TRUE,IBO (2018a),"('eicutoff391', '83237c344c83adaa165667c3a0b7126f')",kg,,,50,Bau-EPD GmbH (2015),2.22.2.1.,wc_16
MI_611,Mineral construction materials,Mineralische Baustoffe,Mineral insulation,Mineralische Wärmedämmung,Rock wool (40 kg/m3),Steinwolle (40 kg/m3),40,kg/m3,0.04,1,1.03,TRUE,IBO (2018a),"('eicutoff391', '83237c344c83adaa165667c3a0b7126f')",kg,,,50,Bau-EPD GmbH (2015),2.22.2.1.,wc_16
MI_612,Mineral construction materials,Mineralische Baustoffe,Mineral insulation,Mineralische Wärmedämmung,Rock wool (104 kg/m3),Steinwolle (104 kg/m3),104,kg/m3,0.04,1,1.03,TRUE,IBO (2018a),"('eicutoff391', '83237c344c83adaa165667c3a0b7126f')",kg,,,50,Bau-EPD GmbH (2015),2.22.2.1.,wc_16
MI_613,Mineral construction materials,Mineralische Baustoffe,Mineral insulation,Mineralische Wärmedämmung,Rock wool (130 kg/m3),Steinwolle (130 kg/m3),130,kg/m3,0.04,1,1.03,TRUE,IBO (2018a),"('eicutoff391', '83237c344c83adaa165667c3a0b7126f')",kg,,,50,Bau-EPD GmbH (2015),2.22.2.1.,wc_16
MI_614,Mineral construction materials,Mineralische Baustoffe,Mineral insulation,Mineralische Wärmedämmung,Rock wool (140 kg/m3),Steinwolle (140 kg/m3),140,kg/m3,0.042,1,1.03,TRUE,IBO (2018a),"('eicutoff391', '83237c344c83adaa165667c3a0b7126f')",kg,,,50,Bau-EPD GmbH (2015),2.22.2.1.,wc_16
MI_615,Mineral construction materials,Mineralische Baustoffe,Mineral insulation,Mineralische Wärmedämmung,Mineral foam panel,Mineralschaumplatte,115,kg/m3,0.045,5,1.03,TRUE,IBO (2018a),"('eicutoff391', '83237c344c83adaa165667c3a0b7126f')",kg,,,50,Bau-EPD GmbH (2015),2.22.2.,wc_16
MI_616,Mineral construction materials,Mineralische Baustoffe,Mineral insulation,Mineralische Wärmedämmung,Mineral foam insulation (sprayed),Mineralschaumisolierung (gespritzt),150,kg/m3,0.055,,,TRUE,PERLMOOSER Beton GmbH (2022),"('TUG', '1daf10402b0a4a9a9625f72b4a2272f1')",m3,,,60,Bau-EPD GmbH (2015),2.22.2.,wc_16
MI_617,Mineral construction materials,Mineralische Baustoffe,Mineral insulation,Mineralische Wärmedämmung,"Vermiculite, expanded","Vermiculit, expandiert",102.5,kg/m3,0.05,1,1,TRUE,"Density taken from Rizzotti (2022), rest assumed same as expanded perlite","('eicutoff391', '323e9ba438edcb7cb345c0c1d1b975ab')",kg,,,80,Bau-EPD GmbH (2015),2.22.2.,wc_16
MI_618,Mineral construction materials,Mineralische Baustoffe,Mineral insulation,Mineralische Wärmedämmung,"Perlite, expanded",Perlite expandiert,85,kg/m3,0.05,1,1,TRUE,IBO (2018a),"('eicutoff391', 'd20d99323152c9233d5d4aa4af899656')",kg,,,80,Bau-EPD GmbH (2015),2.22.2.,wc_16
MI_619,Mineral construction materials,Mineralische Baustoffe,Mineral insulation,Mineralische Wärmedämmung,"Perlite, expanded, water repellent",Perlite expandiert hydrophobiert,145,kg/m3,0.053,1,1,TRUE,IBO (2018a),"('eicutoff391', 'd20d99323152c9233d5d4aa4af899656')",kg,,,80,Bau-EPD GmbH (2015),2.22.2.,wc_16
MI_620,Mineral construction materials,Mineralische Baustoffe,Mineral insulation,Mineralische Wärmedämmung,Perlite insulation boards (unspecified),Perlite-Dämmplatten (unspezifiziert),134,kg/m3,0.06,1,1,TRUE,Assumed same as 134 kg/m3,"('eicutoff391', 'd20d99323152c9233d5d4aa4af899656')",kg,,,80,Bau-EPD GmbH (2015),2.22.2.,wc_16
MI_621,Mineral construction materials,Mineralische Baustoffe,Mineral insulation,Mineralische Wärmedämmung,Perlite insulation boards (100 kg/m3),Perlite-Dämmplatten (100 kg/m3),100,kg/m3,0.06,1,1,TRUE,IBO (2018a),"('eicutoff391', 'd20d99323152c9233d5d4aa4af899656')",kg,,,80,Bau-EPD GmbH (2015),2.22.2.,wc_16
MI_622,Mineral construction materials,Mineralische Baustoffe,Mineral insulation,Mineralische Wärmedämmung,Perlite insulation boards (134 kg/m3),Perlite-Dämmplatten (134 kg/m3),134,kg/m3,0.06,1,1,TRUE,IBO (2018a),"('eicutoff391', 'd20d99323152c9233d5d4aa4af899656')",kg,,,80,Bau-EPD GmbH (2015),2.22.2.,wc_16
MI_623,Mineral construction materials,Mineralische Baustoffe,Mineral insulation,Mineralische Wärmedämmung,Foamed glass,Schaumglas,105,kg/m3,0.045,1000000,1,TRUE,IBO (2018a),"('eicutoff391', 'ed2eb09363f9b0ecee15a7375149bebb')",kg,,,50,Bau-EPD GmbH (2015),2.22.2.3.,wc_16
MI_624,Mineral construction materials,Mineralische Baustoffe,Mineral insulation,Mineralische Wärmedämmung,Foamed glass board,Schaumglasplatte,133,kg/m3,0.045,1000000,1,TRUE,Density taken from Rizzotti (2022),"('eicutoff391', 'ed2eb09363f9b0ecee15a7375149bebb')",kg,,,50,Bau-EPD GmbH (2015),2.22.2.3.,wc_16
MI_625,Mineral construction materials,Mineralische Baustoffe,Mineral insulation,Mineralische Wärmedämmung,Vacuum insulated panel (VIP),Vakuumisolationspaneel (VIP),190,kg/m3,0.006,10000000,1,TRUE,IBO (2018a),"('TUG', 'e2d013ac84b24dcdb5c4412a91a8d39e')",kg,,,50,Bau-EPD GmbH (2015),2.22.3.,wc_18
MI_701,Mineral construction materials,Mineralische Baustoffe,Other minerals,Andere Mineralien,Geotextile,Geotextile,,,,,,TRUE,,"('TUG', '4594742ab976476ebff2dfd8f108efec')",kg,,,50,Hoxha et al. (2021),2.1.3.,wc_24
MI_702,Mineral construction materials,Mineralische Baustoffe,Other minerals,Andere Mineralien,Flat glass,Flachglas,2500,kg/m3,,,,TRUE,Density taken from Rizzotti (2022),"('eicutoff391', '4503f85b8e62c3529e74f5c7cfadb155')",kg,,,30,Hoxha et al. (2021),2.9.1.1.,wc_04
NA_101,Building materials from renewable resources,Baustoffe aus nachwachsenden Rohstoffen,Paper and cork,Papier und Kork,Building paper,Baupapier,500,kg/m3,0.17,,,TRUE,IBO (2018a),"('eicutoff391', '5bc9405f33e203ae49c30c47a900c444')",kg,,,50,Bau-EPD GmbH (2015),2.11.2.,wc_23
NA_102,Building materials from renewable resources,Baustoffe aus nachwachsenden Rohstoffen,Paper and cork,Papier und Kork,Building paper for use underneath screed,Baupapier unter Estrich,500,kg/m3,0.17,,,TRUE,IBO (2018a),"('TUG', '9e7b8682a92040bfa0f337235e5921d1')",kg,,,50,Bau-EPD GmbH (2015),2.11.2.,wc_23
NA_103,Building materials from renewable resources,Baustoffe aus nachwachsenden Rohstoffen,Paper and cork,Papier und Kork,Waterproof paper,Betonunterlagspapier,500,kg/m3,0.5,1000,2,TRUE,IBO (2018a),"('TUG', '6b0a5ce1b79848d78676a71f4975007b')",kg,,,50,Bau-EPD GmbH (2015),2.11.2.,wc_23
NA_104,Building materials from renewable resources,Baustoffe aus nachwachsenden Rohstoffen,Paper and cork,Papier und Kork,Cellulose fiber insulation flakes,Zellulosefaserflocken,35,kg/m3,0.04,2,1.9,TRUE,IBO (2018a),"('eicutoff391', '710ef11139d6a70947dc0cef72f14047')",kg,,,50,Bau-EPD GmbH (2015),2.22.4.,wc_17
NA_105,Building materials from renewable resources,Baustoffe aus nachwachsenden Rohstoffen,Paper and cork,Papier und Kork,Cellulose fiberboard,Zellulosefaserplatten,50,kg/m3,0.04,2,1.9,TRUE,IBO (2018a),"('eicutoff391', '710ef11139d6a70947dc0cef72f14047')",kg,,,50,Bau-EPD GmbH (2015),2.22.4.,wc_17
NA_106,Building materials from renewable resources,Baustoffe aus nachwachsenden Rohstoffen,Paper and cork,Papier und Kork,Cellulose blow-in insulation horizontal,Zellulose-Einblasdämmung horizontal,36,kg/m3,0.04,2,1.9,TRUE,IBO (2018a),"('eicutoff391', '710ef11139d6a70947dc0cef72f14047')",kg,,,50,Bau-EPD GmbH (2015),2.22.4.,wc_17
NA_107,Building materials from renewable resources,Baustoffe aus nachwachsenden Rohstoffen,Paper and cork,Papier und Kork,Cellulose blow-in insulation vertical,Zellulose-Einblasdämmung vertikal,54,kg/m3,0.04,2,1.9,TRUE,IBO (2018a),"('eicutoff391', '710ef11139d6a70947dc0cef72f14047')",kg,,,50,Bau-EPD GmbH (2015),2.22.4.,wc_17
NA_108,Building materials from renewable resources,Baustoffe aus nachwachsenden Rohstoffen,Paper and cork,Papier und Kork,Cork insulation panel (unspecified),Korkdämmplatte (unspezifiziert),140,kg/m3,0.045,18,1.67,TRUE,Density taken from Rizzotti (2022),"('eicutoff391', '2d5ab5b2c3fcc41a852a1757391b0533')",kg,,,50,Bau-EPD GmbH (2015),2.22.5.,wc_17
NA_109,Building materials from renewable resources,Baustoffe aus nachwachsenden Rohstoffen,Paper and cork,Papier und Kork,Cork insulation panel (120 kg/m3),Korkdämmplatte (120 kg/m3),120,kg/m3,0.04,18,1.67,TRUE,IBO (2018a),"('eicutoff391', '2d5ab5b2c3fcc41a852a1757391b0533')",kg,,,50,Bau-EPD GmbH (2015),2.22.5.,wc_17
NA_110,Building materials from renewable resources,Baustoffe aus nachwachsenden Rohstoffen,Paper and cork,Papier und Kork,Cork insulation panel (130 kg/m3),Korkdämmplatte (130 kg/m3),130,kg/m3,0.045,18,1.67,TRUE,IBO (2018a),"('eicutoff391', '2d5ab5b2c3fcc41a852a1757391b0533')",kg,,,50,Bau-EPD GmbH (2015),2.22.5.,wc_17
NA_111,Building materials from renewable resources,Baustoffe aus nachwachsenden Rohstoffen,Paper and cork,Papier und Kork,Cork insulation panel (140 kg/m3),Korkdämmplatte (140 kg/m3),140,kg/m3,0.05,18,1.67,TRUE,IBO (2018a),"('eicutoff391', '2d5ab5b2c3fcc41a852a1757391b0533')",kg,,,50,Bau-EPD GmbH (2015),2.22.5.,wc_17
NA_112,Building materials from renewable resources,Baustoffe aus nachwachsenden Rohstoffen,Paper and cork,Papier und Kork,Corklinoleum,Korklinoleum,700,kg/m3,0.081,,,TRUE,IBO (2018a),"('eicutoff391', '2d5ab5b2c3fcc41a852a1757391b0533')",kg,,,10,Bau-EPD GmbH (2015),2.7.4.,wc_29
NA_201,Building materials from renewable resources,Baustoffe aus nachwachsenden Rohstoffen,Fast-growing insulation,Schnellwachsende Dämmstoffe,Flax with polyester supporting fibers,Flachs mit Polyestergitter,30,kg/m3,0.04,1,1.55,TRUE,IBO (2018a),"('TUG', '7503c9f2084b4755bfbb7f7f7b22c2b9')",kg,,,50,Bau-EPD GmbH (2015),2.22.5.,wc_17
NA_202,Building materials from renewable resources,Baustoffe aus nachwachsenden Rohstoffen,Fast-growing insulation,Schnellwachsende Dämmstoffe,Flax without supporting fibers,Flachs ohne Stützgitter,30,kg/m3,0.04,1,1.55,TRUE,IBO (2018a),"('TUG', '7503c9f2084b4755bfbb7f7f7b22c2b9')",kg,,,50,Bau-EPD GmbH (2015),2.22.5.,wc_17
NA_204,Building materials from renewable resources,Baustoffe aus nachwachsenden Rohstoffen,Fast-growing insulation,Schnellwachsende Dämmstoffe,Hemp insulation panel with supporting fibers,Hanfdämmplatte m. Stützfasern,30,kg/m3,0.045,2,1.55,TRUE,IBO (2018a),"('TUG', '9f8c9863aa144aec90be33e7b75372a3')",kg,,,50,Bau-EPD GmbH (2015),2.22.5.2.,wc_17
NA_205,Building materials from renewable resources,Baustoffe aus nachwachsenden Rohstoffen,Fast-growing insulation,Schnellwachsende Dämmstoffe,Hemp fiber insulation,Hanffaserdämmstoff,41,kg/m3,0.045,2,1.55,TRUE,IBO (2018a),"('TUG', '9f8c9863aa144aec90be33e7b75372a3')",kg,,,50,Bau-EPD GmbH (2015),2.22.5.2.,wc_17
NA_206,Building materials from renewable resources,Baustoffe aus nachwachsenden Rohstoffen,Fast-growing insulation,Schnellwachsende Dämmstoffe,Hemp fiber insulation board for ETICS,Hanffaserdämmplatten für WDVS,90,kg/m3,0.045,2,1.55,TRUE,IBO (2018a),"('TUG', '9f8c9863aa144aec90be33e7b75372a3')",kg,,,50,Bau-EPD GmbH (2015),2.22.5.2.,wc_17
NA_207,Building materials from renewable resources,Baustoffe aus nachwachsenden Rohstoffen,Fast-growing insulation,Schnellwachsende Dämmstoffe,Straw bale,Baustrohballen,109,kg/m3,0.051,,,TRUE,IBO (2018a),"('TUG', '6b71a414d7c6477889c719ce36c79378')",kg,,,50,Bau-EPD GmbH (2015),2.22.5.1.,wc_17
NA_208,Building materials from renewable resources,Baustoffe aus nachwachsenden Rohstoffen,Fast-growing insulation,Schnellwachsende Dämmstoffe,Reed mat,Schilfmatte,181,kg/m3,0.05,,,TRUE,Carcassi et al. (2022),"('TUG', '2b82799ee0f0436196fbec8a8a6ded03')",kg,,,50,Assumed same as other fast growing insulation materials,2.22.5.,wc_17
NA_301,Building materials from renewable resources,Baustoffe aus nachwachsenden Rohstoffen,Animal-based insulation,Dämmstoffe auf Tierbasis,Sheep wool insulation (unspecified),Schafwolle Dämmfilz (unspezifiziert),30,kg/m3,0.04,2,1.5,TRUE,Assumed same as 37 kg/m3,"('TUG', '3900b8d2f59e4827bc00e06cdca516cc')",kg,,,50,Bau-EPD GmbH (2015),2.22.5.,wc_17
NA_302,Building materials from renewable resources,Baustoffe aus nachwachsenden Rohstoffen,Animal-based insulation,Dämmstoffe auf Tierbasis,Sheep wool insulation (18 kg/m3),Schafwolle Dämmfilz (18 kg/m3),18,kg/m3,0.043,2,1.5,TRUE,IBO (2018a),"('TUG', '3900b8d2f59e4827bc00e06cdca516cc')",kg,,,50,Bau-EPD GmbH (2015),2.22.5.,wc_17
NA_303,Building materials from renewable resources,Baustoffe aus nachwachsenden Rohstoffen,Animal-based insulation,Dämmstoffe auf Tierbasis,Sheep wool insulation (30 kg/m3),Schafwolle Dämmfilz (30 kg/m3),30,kg/m3,0.04,2,1.5,TRUE,IBO (2018a),"('TUG', '3900b8d2f59e4827bc00e06cdca516cc')",kg,,,50,Bau-EPD GmbH (2015),2.22.5.,wc_17
NA_304,Building materials from renewable resources,Baustoffe aus nachwachsenden Rohstoffen,Animal-based insulation,Dämmstoffe auf Tierbasis,Sheep wool insulation (37 kg/m3),Schafwolle Dämmfilz (37 kg/m3),37,kg/m3,0.04,2,1.5,TRUE,IBO (2018a),"('TUG', '3900b8d2f59e4827bc00e06cdca516cc')",kg,,,50,Bau-EPD GmbH (2015),2.22.5.,wc_17
NA_305,Building materials from renewable resources,Baustoffe aus nachwachsenden Rohstoffen,Animal-based insulation,Dämmstoffe auf Tierbasis,Sheep wool impact sound insulation,Schafwolle Trittschalldämmung,90,kg/m3,0.04,2,1.5,TRUE,IBO (2018a),"('TUG', '3900b8d2f59e4827bc00e06cdca516cc')",kg,,,50,Bau-EPD GmbH (2015),2.22.5.,wc_17
NA_401,Building materials from renewable resources,Baustoffe aus nachwachsenden Rohstoffen,Other insulation,Andere Dämmstoffe,Mycelium insulation (sawdust),Myzel-Isolierung (Sägespäne),212,kg/m3,0.05,,,TRUE,Alaux et al. (2023),"('TUG', '00c5d10dee304af791a7b34cf639e3c0')",kg,,,50,Assumed same as other fast growing insulation materials,2.22.5.,wc_17
NA_402,Building materials from renewable resources,Baustoffe aus nachwachsenden Rohstoffen,Other insulation,Andere Dämmstoffe,Standing air layer,Luftschicht stehend,1.2,kg/m3,0.071,,,FALSE,IBO (2018a),"('TUG', '4e86fb0063be4cbebae67f11882f3801')",kg,,,,,,
ME_101,Metals,Metalle,Aluminum,Aluminium,Sheet aluminum,Aluminiumblech,2800,kg/m3,200,1500000,0.9,TRUE,IBO (2018a),"('TUG', '5385de7b3306404590bce7aff40efeb7')",kg,,,40,Bau-EPD GmbH (2015),2.16.3.,wc_11
ME_102,Metals,Metalle,Aluminum,Aluminium,"Sheet aluminum, anodized",Aluminiumblech eloxiert,2800,kg/m3,200,1500000,0.9,TRUE,IBO (2018a),"('TUG', '55dc58be66714d8f88d4c8e994b17d8a_copy1')",kg,,,40,Bau-EPD GmbH (2015),2.16.3.,wc_11
ME_103,Metals,Metalle,Aluminum,Aluminium,"Sheet aluminum, powder coated","Aluminiumblech, pulverbeschichtet",2800,kg/m3,200,1500000,0.9,TRUE,IBO (2018a),"('TUG', '55dc58be66714d8f88d4c8e994b17d8a')",kg,,,40,Bau-EPD GmbH (2015),2.16.3.,wc_11
ME_104,Metals,Metalle,Aluminum,Aluminium,Aluminum foil,Aluminiumfolie,2800,kg/m3,200,1,1.4,TRUE,IBO (2018a),"('eicutoff391', '1a80cc45f1dbae7e41ce8b6fdb573286')",kg,,,50,Bau-EPD GmbH (2015),2.16.3.,wc_11
ME_105,Metals,Metalle,Aluminum,Aluminium,Aluminum vapor barrier,Alu-Dampfsperre,2700,kg/m3,200,1,1.4,TRUE,IBO (2018a),"('eicutoff391', 'e77cb1499a7f9a645e1c58c911583bc4')",kg,,,50,Bau-EPD GmbH (2015),2.16.3.,wc_11
ME_106,Metals,Metalle,Aluminum,Aluminium,Aluminum,Aluminium,2800,kg/m3,,,,TRUE,Density assumed same as other alu,"('TUG', '5385de7b3306404590bce7aff40efeb7')",kg,,,40,Hoxha et al. (2021),2.16.3.,wc_11
ME_107,Metals,Metalle,Aluminum,Aluminium,"Aluminum, cast alloy","Aluminium, Gusslegierung",2800,kg/m3,,,,TRUE,Density assumed same as other alu,"('eicutoff391', '18d83a237a3f1d6d38871943808d15c4')",kg,,,40,Assumed same as aluminum,2.16.3.,wc_11
ME_108,Metals,Metalle,Aluminum,Aluminium,"Metal working, aluminum","Metallbearbeitung, Aluminium",2800,kg/m3,,,,TRUE,Density assumed same as other alu,"('eicutoff391', '8a3c9b88b52ea6d6e7973caf597337b9')",kg,,,50,Scherz et al. (2023),,
ME_201,Metals,Metalle,Iron and steel,Eisen und Stahl,"Steel sheets, galvanized","Stahlblech, verzinkt",7800, kg/m3,48,1500000,0.15,TRUE,IBO (2018a),"('TUG', 'ade6fb42f7264b1e89389bf2c1da7b2b')",kg,,,30,Bau-EPD GmbH (2015),2.16.4.,wc_11
ME_202,Metals,Metalle,Iron and steel,Eisen und Stahl,Reinforcement steel,Armierungsstahl,7800, kg/m3,60,,0.46,TRUE,IBO (2018a),"('eicutoff391', '6b31662d4e7d8e58767f9174e90ee602')",kg,,,100,Bau-EPD GmbH (2015),2.16.2.,wc_11
ME_203,Metals,Metalle,Iron and steel,Eisen und Stahl,"Reinforcement steel for foundation slabs (0,3m) 16,7 kg/m2 >= 0,71 % steel content","Armierungsstahl für Fundamentplatte (0,3m) 16,7 kg/m2 >= 0,71 % Stahlanteil",7800, kg/m3,60,,0.46,TRUE,IBO (2018a),"('eicutoff391', '6b31662d4e7d8e58767f9174e90ee602')",kg,,,100,Bau-EPD GmbH (2015),2.16.2.,wc_11
ME_204,Metals,Metalle,Iron and steel,Eisen und Stahl,"Reinforcement steel for water resist. walls (0,3m) 12,5 kg/m2 >= 0,8 % steel content","Armierungsstahl für WV-Wände (0,3m) 12,5 kg/m2 >= 0,8 % Stahlanteil",7800, kg/m3,60,,0.46,TRUE,IBO (2018a),"('eicutoff391', '6b31662d4e7d8e58767f9174e90ee602')",kg,,,100,Bau-EPD GmbH (2015),2.16.2.,wc_11
ME_205,Metals,Metalle,Iron and steel,Eisen und Stahl,"Reinforcement steel for prefabricated floor members (0,2m) 14,00 kg/m2 >= 0,9 % steel content","Armierungsstahl für Elementdecke (0,2m) 14,00 kg/m2 >= 0,9 % Stahlanteil",7800, kg/m3,60,,0.46,TRUE,IBO (2018a),"('eicutoff391', '6b31662d4e7d8e58767f9174e90ee602')",kg,,,100,Bau-EPD GmbH (2015),2.16.2.,wc_11
ME_206,Metals,Metalle,Iron and steel,Eisen und Stahl,High-alloy steel,"Stahl, hochlegiert",7800, kg/m3,15,1500000,0.46,TRUE,IBO (2018a),"('eicutoff391', '89cb4e1a47b707fe43b99135b81fcaba')",kg,,,80,Assumed same as stainless steel,2.16.1.,wc_11
ME_207,Metals,Metalle,Iron and steel,Eisen und Stahl,Low-alloy steel,"Stahl, niedriglegiert",7800, kg/m3,48,1500000,0.46,TRUE,IBO (2018a),"('eicutoff391', '89cb4e1a47b707fe43b99135b81fcaba')",kg,,,80,Assumed same as stainless steel,2.16.1.,wc_11
ME_208,Metals,Metalle,Iron and steel,Eisen und Stahl,Non-alloyed steel,"Stahl, unlegiert",7800, kg/m3,60,1500000,,TRUE,IBO (2018a),"('eicutoff391', '89cb4e1a47b707fe43b99135b81fcaba')",kg,,,80,Assumed same as stainless steel,2.16.1.,wc_11
ME_209,Metals,Metalle,Iron and steel,Eisen und Stahl,Galvanized steel,"Stahl, verzinkt",7850, kg/m3,48,1500000,,TRUE,Density taken from Rizzotti (2022),"('TUG', 'ade6fb42f7264b1e89389bf2c1da7b2b')",kg,,,80,Assumed same as stainless steel,2.16.1.,wc_11
ME_210,Metals,Metalle,Iron and steel,Eisen und Stahl,Stainless steel,Edelstahl,7900, kg/m3,,,,TRUE,Density taken from Rizzotti (2022),"('eicutoff391', '5011bcaf23f26ec62b54b69e970dc10e')",kg,,,80,Bau-EPD GmbH (2015),2.16.1.,wc_11
ME_211,Metals,Metalle,Iron and steel,Eisen und Stahl,"Metal working, steel","Metallverarbeitung, Stahl",7800, kg/m3,,,,TRUE,Density assumed same as other steel,"('eicutoff391', 'c24e268c74cac4348b5d5cdd495946f6')",kg,,,50,Scherz et al. (2023),,
ME_212,Metals,Metalle,Iron and steel,Eisen und Stahl,Cast iron,Gusseisen,7869, kg/m3,,,,TRUE,Density taken from Rizzotti (2022),"('eicutoff391', '82d5b105fa931dbc64ac20253128c7ed')",kg,,,20,Hoxha et al. (2021),2.16.8.,wc_11
ME_213,Metals,Metalle,Iron and steel,Eisen und Stahl,Floor spacers (200 mm),Distanzbodenhalter (200 mm),7800, kg/m3,48,1500000,,TRUE,Density and thermal properties assumed same as other steel,"('TUG', 'ade6fb42f7264b1e89389bf2c1da7b2b')",kg,,,40,Bau-EPD GmbH (2015),2.16.1.,wc_11
ME_214,Metals,Metalle,Iron and steel,Eisen und Stahl,Floor spacers (80 mm),Distanzbodenhalter (80mm),7800, kg/m3,48,1500000,,TRUE,Density and thermal properties assumed same as other steel,"('TUG', 'ade6fb42f7264b1e89389bf2c1da7b2b')",kg,,,40,Bau-EPD GmbH (2015),2.16.1.,wc_11
ME_215,Metals,Metalle,Iron and steel,Eisen und Stahl,Floor spacers (60 mm),Distanzbodenhalter (60mm),7800, kg/m3,48,1500000,,TRUE,Density and thermal properties assumed same as other steel,"('TUG', 'ade6fb42f7264b1e89389bf2c1da7b2b')",kg,,,40,Bau-EPD GmbH (2015),2.16.1.,wc_11
ME_216,Metals,Metalle,Iron and steel,Eisen und Stahl,"Metal working, chromium steel","Metallbearbeitung, Chromstahl",7800, kg/m3,,,,TRUE,Density assumed same as other steel,"('eicutoff391', 'f4ceafe62cb02c0236ce196663ca6b45')",kg,,,50,Assumed same as other metal working,,
ME_301,Metals,Metalle,Other metals,Andere Metalle,Adjustable strap hangers,Justierbare Schwingbbügel,7500, kg/m3,,1500000,,TRUE,IBO (2018a),"('TUG', 'd9f4cfa622614bddb3e7d2a0ceb38b21')",kg,,,40,"Assumed same as ""floor spacers""",2.16.4.,wc_11
ME_302,Metals,Metalle,Other metals,Andere Metalle,Titanium zinc sheets,Titanzinkblech,7200, kg/m3,110,3000000,0.4,TRUE,IBO (2018a),"('eicutoff391', '5ed05d603aeec363128bb90b801055e6')",kg,,,40,Bau-EPD GmbH (2015),2.16.4.,wc_11
ME_303,Metals,Metalle,Other metals,Andere Metalle,Brass,Brass,8300,kg/m3,,,,TRUE,Density taken from Rizzotti (2022),"('eicutoff391', '9edfe11b13eb77bbec25bf6cedd4fa66')",kg,,,20,Hoxha et al. (2021),2.16.1.,wc_11
ME_304,Metals,Metalle,Other metals,Andere Metalle,Chromium,Chrom,7140,kg/m3,,,,TRUE,Density from: https://www.aqua-calc.com/page/density-table/substance/chromium,"('eicutoff391', '31ad5897527bd4f73d6ea8f5d2e9e083')",kg,,,20,Hoxha et al. (2021),2.16.1.,wc_11
ME_305,Metals,Metalle,Other metals,Andere Metalle,Chromium brass,Chrom-Messing,8000,kg/m3,,,,TRUE,Density from: https://hypertextbook.com/facts/2004/KarenSutherland.shtml,"('TUG', '76e95911ad554353aa0e2be6620354c4')",kg,,,20,Hoxha et al. (2021),2.16.1.,wc_11
ME_306,Metals,Metalle,Other metals,Andere Metalle,Copper,Kupfer,8900,kg/m3,,,,TRUE,Density taken from Rizzotti (2022),"('TUG', '92d3bf07fe974ae8adee9a640e3f13fb')",kg,,,80,Bau-EPD GmbH (2015),2.16.1.,wc_11
ME_307,Metals,Metalle,Other metals,Andere Metalle,"Metal working, copper","Metallbearbeitung, Kupfer",8960,kg/m3,,,,TRUE,Density from: https://kg-m3.com/material/copper,"('eicutoff391', 'e487eadc196b288ab14c07ff14747ea2')",kg,,,50,Assumed same as other metal working,,
ME_308,Metals,Metalle,Other metals,Andere Metalle,"Metal working, unspecified","Metallbearbeitung, nicht spezifiziert",8960,kg/m3,,,,TRUE,Density from: https://kg-m3.com/material/copper,"('eicutoff391', '7278fd5c5dccd9f15eb9cb8054ca7788')",kg,,,50,Assumed same as other metal working,,
OP_101,Openings,Öffnungen,Doors,Türen,"Door, inner, glass-wood","Tür, innen, Glas-Holz",,kg/m2,,,,TRUE,Density from ecoinvent,"('eicutoff391', '4bd99f0c0f98af5564c326d2e5c7f961')",m2,,,50,Scherz et al. (2023),2.21.1.,wc_09
OP_102,Openings,Öffnungen,Doors,Türen,"Door, inner, wood","Tür, innen, Holz",,kg/m2,,,,TRUE,Density from ecoinvent,"('eicutoff391', 'd00c81cfcd1fa4cc1706e5e73b2ad266')",m2,,,50,Scherz et al. (2023),2.21.1.,wc_09
OP_103,Openings,Öffnungen,Doors,Türen,"Door, outer, wood-aluminum","Tür, außen, Holz-Aluminium",,kg/m2,,,,TRUE,Density from ecoinvent,"('eicutoff391', 'f01da346064ac8bf21ded7059c994b9a')",m2,,,50,Scherz et al. (2023),2.21.1.,wc_09
OP_104,Openings,Öffnungen,Doors,Türen,"Door, outer, wood-glass","Tür, außen, Holz-Glas",,kg/m2,,,,TRUE,Density from ecoinvent,"('eicutoff391', 'ac417e7f2890b2eb87a7f685e275857e')",m2,,,50,Scherz et al. (2023),2.21.1.,wc_09
OP_105,Openings,Öffnungen,Doors,Türen,"Door, outer, steel","Tür, außen, Stahl",,kg/m2,,,,TRUE,Density from ecoinvent,"('eicutoff391', 'f01da346064ac8bf21ded7059c994b9a')",m2,,,50,Scherz et al. (2023),2.21.1.,wc_09
OP_106,Openings,Öffnungen,Doors,Türen,"Door, fireproof","Tür, feuerfest",,kg/m2,,,,TRUE,Density from ecoinvent,"('eicutoff391', 'f01da346064ac8bf21ded7059c994b9a')",m2,,,50,Scherz et al. (2023),2.21.1.,wc_09
OP_107,Openings,Öffnungen,Doors,Türen,Garage door,Garagentor,19.9,kg/m2,,,,TRUE,BVT-Verband Tore (2020),"('TUG', 'e84fad9ef04445ba9a19422fa4672b1c')",m2,,,50,BVT-Verband Tore (2020),2.21.1.,wc_11
OP_201,Openings,Öffnungen,Window glazing,Fensterverglasung,"Glazing, double",Doppelverglasung ,,kg/m2,,,,TRUE,Density from ecoinvent,"('eicutoff391', '43a6190f78138587a09fb951290f840d')",m2,,,30,Scherz et al. (2023),2.21.1.,wc_04
OP_202,Openings,Öffnungen,Window glazing,Fensterverglasung,"Glazing, double, laminated safety glass","Doppelverglasung, Verbundsicherheitsglas",,kg/m2,,,,TRUE,Density from ecoinvent,"('eicutoff391', '28a8b2ae814e8706d99ead9ba8f1b12f')",m2,,,30,Scherz et al. (2023),2.21.1.,wc_04
OP_203,Openings,Öffnungen,Window glazing,Fensterverglasung,"Glazing, triple",Dreifachverglasung ,,kg/m2,,,,TRUE,Density from ecoinvent,"('eicutoff391', '189b35c5948eea688cb7ff24e23edd56')",m2,,,30,Scherz et al. (2023),2.21.1.,wc_04
OP_301,Openings,Öffnungen,Window frames,Fensterrahmen,"Window frame, aluminum","Fensterrahmen, Aluminium",,kg/m2,,,,TRUE,Density from ecoinvent,"('eicutoff391', '4cf9a902a18af16f767f74f63b705912')",m2,,,30,Scherz et al. (2023),2.21.1.,wc_11
OP_302,Openings,Öffnungen,Window frames,Fensterrahmen,"Window frame, PVC","Fensterrahmen, PVC",,kg/m2,,,,TRUE,Density from ecoinvent,"('eicutoff391', 'f43361370b3f0e4c8f20c72b6d651fce')",m2,,,30,Scherz et al. (2023),2.21.1.,wc_27
OP_303,Openings,Öffnungen,Window frames,Fensterrahmen,"Window frame, wood-metal","Fensterrahmen, Holz-Metall",,kg/m2,,,,TRUE,Density from ecoinvent,"('eicutoff391', '077792f9a6734364acaece347a503bd5')",m2,,,30,Scherz et al. (2023),2.21.1.,wc_09
OP_304,Openings,Öffnungen,Window frames,Fensterrahmen,"Window frame, wood","Fensterrahmen, Holz",,kg/m2,,,,TRUE,Density from ecoinvent,"('eicutoff391', '74f2cacce53f906d8b8e18498ec408e6')",m2,,,30,Scherz et al. (2023),2.21.1.,wc_09
SA_101,Sanitary installations,Sanitärinstallationen ,Sanitary elements,Sanitäre Elemente,Toilet,Toilette,22,kg/u,,,,FALSE,Scherz et al. (2023),"('TUG', 'cc30b6f109dd46e384fac363606f8293')",m,,,15,Scherz et al. (2023),3.3.3.,wc_06
SA_102,Sanitary installations,Sanitärinstallationen ,Sanitary elements,Sanitäre Elemente,Washbasin,Waschtisch,30,kg/u,,,,FALSE,Scherz et al. (2023),"('TUG', 'eb2f8843668b40bba97720248fc8d9d0')",m,,,15,Scherz et al. (2023),3.3.3.,wc_06
SA_103,Sanitary installations,Sanitärinstallationen ,Sanitary elements,Sanitäre Elemente,Bathtub,Badewanne,51.2,kg/u,,,,FALSE,Scherz et al. (2023),"('TUG', '8bb12f99b91d47af8c0b40373cbea13a')",m,,,25,Scherz et al. (2023),3.3.3.,wc_06
SA_104,Sanitary installations,Sanitärinstallationen ,Sanitary elements,Sanitäre Elemente,Shower,Duschwanne,37.7,kg/u,,,,FALSE,Scherz et al. (2023),"('TUG', 'fe1c74cb432f4230a8ff5efacf75025d')",m,,,15,Scherz et al. (2023),3.3.3.,wc_06
SA_105,Sanitary installations,Sanitärinstallationen ,Sanitary elements,Sanitäre Elemente,Sink,Spülbecken,30,kg/u,,,,FALSE,Scherz et al. (2023),"('TUG', 'c1277d8299814de7abea0174337b35a5')",m,,,25,Scherz et al. (2023),3.3.1.,wc_11
SA_206,Sanitary installations,Sanitärinstallationen ,Pipes,Rohre,Drainpipe DN50,Abflussrohr DN50,0.304,kg/m,,,,FALSE,Scherz et al. (2023),"('TUG', 'f19460f477a04dd7994dc925a1ee6995')",m,,,25,Scherz et al. (2023),2.18.,wc_26
SA_207,Sanitary installations,Sanitärinstallationen ,Pipes,Rohre,Drainpipe DN70,Abflussrohr DN70,0.42,kg/m,,,,FALSE,Scherz et al. (2023),"('TUG', 'f19460f477a04dd7994dc925a1ee6995')",m,,,25,Scherz et al. (2023),2.18.,wc_26
SA_208,Sanitary installations,Sanitärinstallationen ,Pipes,Rohre,Drainpipe DN100,Abflussrohr DN100,0.6,kg/m,,,,FALSE,Scherz et al. (2023),"('TUG', 'f19460f477a04dd7994dc925a1ee6995_copy2')",m,,,25,Scherz et al. (2023),2.18.,wc_26
SA_209,Sanitary installations,Sanitärinstallationen ,Pipes,Rohre,Composite pipe DN20,Verbundrohr DN20,0.6,kg/m,,,,FALSE,Scherz et al. (2023),"('TUG', 'f19460f477a04dd7994dc925a1ee6995_copy3')",m,,,25,Scherz et al. (2023),2.18.,wc_26
SA_210,Sanitary installations,Sanitärinstallationen ,Pipes,Rohre,Composite pipe DN25,Verbundrohr DN25,0.64,kg/m,,,,FALSE,Scherz et al. (2023),"('TUG', 'f19460f477a04dd7994dc925a1ee6995_copy4')",m,,,25,Scherz et al. (2023),2.18.,wc_26
SA_211,Sanitary installations,Sanitärinstallationen ,Pipes,Rohre,Pipe insulation DN20,Rohrisolierung DN20,0.21,kg/m,,,,FALSE,Scherz et al. (2023),"('TUG', 'f19460f477a04dd7994dc925a1ee6995_copy5')",m,,,25,Scherz et al. (2023),2.22.2.1.,wc_16
SA_212,Sanitary installations,Sanitärinstallationen ,Pipes,Rohre,Pipe insulation DN25,Rohrisolierung DN25,0.25,kg/m,,,,FALSE,Scherz et al. (2023),"('TUG', 'f19460f477a04dd7994dc925a1ee6995_copy6')",m,,,25,Scherz et al. (2023),2.22.2.1.,wc_16
SA_213,Sanitary installations,Sanitärinstallationen ,Pipes,Rohre,"Drawing of pipe, steel","Ziehen von Rohren, Stahl",7800, kg/m3,,,,FALSE,Density assumed same as other steel,"('eicutoff391', '8f44fca2a4aa9e5747826e8e277a67dd')",kg,,,20,Scherz et al. (2023),,
SA_214,Sanitary installations,Sanitärinstallationen ,Pipes,Rohre,"Sealing tape (aluminium/PE, 50 mm wide)","Dichtungsband (Aluminium/PE, 50 mm breit)",0.057,kg/m,,,,FALSE,Density from ecoinvent,"('eicutoff391', '1a80cc45f1dbae7e41ce8b6fdb573286')",m,,,20,Scherz et al. (2023),2.6.,wc_11
EL_101,Electrical installation,Elektrotechnik,Cables and pipes,Kabeln und Rohre,Power cable,Stromkabel,0.079,kg/m,,,,FALSE,Scherz et al. (2023),"('eicutoff391', 'c5a3e0c321a4c8ed6f8f08a7f835ecdd')",m,,,25,Scherz et al. (2023),3,wc_25
EL_102,Electrical installation,Elektrotechnik,Cables and pipes,Kabeln und Rohre,Insulated cable,Isolierte Leitung,0.065,kg/m,,,,FALSE,Scherz et al. (2023),"('eicutoff391', '67b288e6db81590833aeaf653c3a0d6c')",m,,,25,Scherz et al. (2023),3,wc_25
EL_103,Electrical installation,Elektrotechnik,Cables and pipes,Kabeln und Rohre,Pipework (under plaster),Verrohrung (unter Putz),0.227,kg/m,,,,FALSE,Scherz et al. (2023),"('TUG', '9e09a1a51c2249d4afd200d1096d9d19')",m,,,25,Scherz et al. (2023),2.18.,wc_26
EL_104,Electrical installation,Elektrotechnik,Cables and pipes,Kabeln und Rohre,Grounding and lightning protection system,Erdungs- und Blitzschutzanlage,1.17,kg/m,,,,FALSE,Scherz et al. (2023),"('TUG', '9e09a1a51c2249d4afd200d1096d9d19_copy1')",m,,,25,Scherz et al. (2023),2.16.,wc_11
HV_101,HVAC,HLK,Building services,Haustechnik ,Elevator,Aufzug,2847.6,kg/m,,,,FALSE,Salmelin et al. (2022),"('TUG', 'd8d189d3d4dd4b9184da916e65c3b59a')",u,,,25,Salmelin et al. (2022),3,wc_11
HV_201,HVAC,HLK,Heating systems,Heizungsanlagen,Pellet furnace (15kW),Pellet-Ofen (15kW),,kg/u,,,,FALSE,Density from ecoinvent,"('eicutoff391', 'd518f117b8220733ab8d1989a35d3797')",u,,,20,Assumption,3,wc_11
HV_202,HVAC,HLK,Heating systems,Heizungsanlagen,Hot water tank (600l),Warmwasserspeicher (600l),,kg/u,,,,FALSE,Density from ecoinvent,"('eicutoff391', '1c2dd8677907f88a0746b958ca4efd43')",u,,,20,Scherz et al. (2023),3,wc_11
HV_203,HVAC,HLK,Heating systems,Heizungsanlagen,Heat storage (2000l),Wärmespeicher (2000l),,kg/u,,,,FALSE,Density from ecoinvent,"('eicutoff391', '0eea4ee56adb87caa9dc0c3447312e76')",u,,,20,Scherz et al. (2023),3,wc_11
HV_204,HVAC,HLK,Heating systems,Heizungsanlagen,Floor heating system (150m2),Fußbodenheizung (150m2),,kg/u,,,,FALSE,Density from ecoinvent,"('eicutoff391', '215d2af02b8cb30905a2bdea3baa6718')",u,,,20,Assumption,3,wc_11
HV_205,HVAC,HLK,Heating systems,Heizungsanlagen,Pump (40W),Pumpe (40W),,kg/u,,,,FALSE,Density from ecoinvent,"('eicutoff391', 'c3c02642a296ed524d401d380a85b5f5')",u,,,20,Scherz et al. (2023),3,wc_11
HV_206,HVAC,HLK,Heating systems,Heizungsanlagen,Expansion vessel (80l),Ausdehnungsgefäß (80l),,kg/u,,,,FALSE,Density from ecoinvent,"('eicutoff391', '78499bd7866ccd72bf46503b100686aa')",u,,,20,Scherz et al. (2023),3,wc_11
HV_207,HVAC,HLK,Heating systems,Heizungsanlagen,Flat plate solar collector (Cu absorber),Flachkollektor (Cu-Absorber),,kg/u,,,,FALSE,Density from ecoinvent,"('eicutoff391', '225c1b05622550acf159a317990e5364')",m2,,,20,Scherz et al. (2023),3,wc_11
HV_208,HVAC,HLK,Heating systems,Heizungsanlagen,"Heat pump, brine-water, 10kW","Wärmepumpe, Sole-Wasser, 10kW",,kg/u,,,,FALSE,Density from ecoinvent,"('eicutoff391', '1fc600ae9ced00237d14ddb9a46739fc')",u,,,20,Assumption,3,wc_11
HV_209,HVAC,HLK,Heating systems,Heizungsanlagen,"Heat pump, brine-water, 30kW","Wärmepumpe, Sole-Wasser, 30kW",,kg/u,,,,FALSE,Density from ecoinvent,"('eicutoff391', '7c650750df1c07dab55f1f9fe76da8ef')",u,,,20,Assumption,3,wc_11
HV_210,HVAC,HLK,Heating systems,Heizungsanlagen,"Gas boiler, 10kW","Gasheizkessel, 10kW",,kg/u,,,,FALSE,Density from ecoinvent,"('eicutoff391', '932f861aecca8621f12e22e5f8ccb775')",u,,,20,Assumption,3,wc_11
HV_211,HVAC,HLK,Heating systems,Heizungsanlagen,"Oil boiler, 10kW","Ölheizkessel, 10kW",,kg/u,,,,FALSE,Density from ecoinvent,"('eicutoff391', '1fc5d81681cdbab3cdec2d90222655d2')",u,,,20,Assumption,3,wc_11
HV_301,HVAC,HLK,Pipes,Rohre,"Polyethylene pipe, DN 200","Polyethylen-Rohr, DN 200",,kg/m,,,,FALSE,Density from ecoinvent,"('eicutoff391', '6a8f1206b6eb92e2ba25b86b9d486790')",m,,,25,Scherz et al. (2023),2.18.,wc_26
HV_302,HVAC,HLK,Pipes,Rohre,"Spiral-seam duct, DN 200","Wickelfalzrohr, DN 200",,kg/m,,,,FALSE,Density from ecoinvent,"('eicutoff391', '19006be5f5473eed3d47af7011dd31d1')",m,,,20,Scherz et al. (2023),3,wc_11
HV_303,HVAC,HLK,Pipes,Rohre,Spiral-seam duct insulation,Wickelfalzrohr-Isolierung,,kg/m,,,,FALSE,Density from ecoinvent,"('eicutoff391', '9ef4fce3175df9745f1f37884a03f37a')",m,,,20,Scherz et al. (2023),2.22.2.1.,wc_16
FU_101,Furniture,Möbel,Dwelling furniture,Wohnmöbel,Double bed,Doppelbett,76,kg/u,,,,FALSE,Density from Hoxha & Jusselme (2017),"('TUG', '3039c44b3e2047a8ae4dd0caff2a3f56')",u,,,15,Hoxha & Jusselme (2017),2.13.,wc_08
FU_102,Furniture,Möbel,Dwelling furniture,Wohnmöbel,Sofa table,Couchtisch,56.6,kg/u,,,,FALSE,Density from Hoxha & Jusselme (2017),"('TUG', '3039c44b3e2047a8ae4dd0caff2a3f56_copy1')",u,,,15,Hoxha & Jusselme (2017),2.13.,wc_11
FU_103,Furniture,Möbel,Dwelling furniture,Wohnmöbel,Sofa,Couch,112.7,kg/u,,,,FALSE,Density from Hoxha & Jusselme (2017),"('TUG', '3039c44b3e2047a8ae4dd0caff2a3f56_copy2')",u,,,15,Hoxha & Jusselme (2017),2.13.,wc_08
FU_104,Furniture,Möbel,Dwelling furniture,Wohnmöbel,TV cabinet,TV-Schrank,214.7,kg/u,,,,FALSE,Density from  González-García et al. (2011),"('TUG', '182a145c42f54ebbb93deac20d171536_copy1')",u,,,15,Hoxha & Jusselme (2017),2.13.,wc_08
FU_105,Furniture,Möbel,Dwelling furniture,Wohnmöbel,Wardrobe,Garderobe,257,kg/u,,,,FALSE,Density from Iritani et al. (2015),"('TUG', '182a145c42f54ebbb93deac20d171536_copy2')",u,,,15,Hoxha & Jusselme (2017),2.13.,wc_08
FU_201,Furniture,Möbel,Office furniture,Büromöbel,Clothes hanger,Kleiderbügel,5.75,kg/u,,,,FALSE,Density from Hoxha & Jusselme (2017),"('TUG', '3039c44b3e2047a8ae4dd0caff2a3f56_copy3')",u,,,15,Hoxha & Jusselme (2017),2.13.,wc_11
FU_202,Furniture,Möbel,Office furniture,Büromöbel,Office table,Bürotisch,22.7,kg/u,,,,FALSE,Density from Hoxha & Jusselme (2017),"('TUG', '3039c44b3e2047a8ae4dd0caff2a3f56_copy4')",u,,,20,Hoxha & Jusselme (2017),2.13.,wc_11
FU_203,Furniture,Möbel,Office furniture,Büromöbel,Working table,Arbeitstisch,36.3,kg/u,,,,FALSE,Density from Hoxha & Jusselme (2017),"('TUG', '3039c44b3e2047a8ae4dd0caff2a3f56_copy5')",u,,,20,Hoxha & Jusselme (2017),2.13.,wc_11
FU_204,Furniture,Möbel,Office furniture,Büromöbel,Working chair,Arbeitsstuhl,18,kg/u,,,,FALSE,Density from Gamage & Boyle (2008),"('TUG', '3039c44b3e2047a8ae4dd0caff2a3f56_copy8')",u,,,15,Hoxha & Jusselme (2017),2.13.,wc_11
FU_205,Furniture,Möbel,Office furniture,Büromöbel,Meeting chair,Sitzungsstuhl,5.46,kg/u,,,,FALSE,Density from Hoxha & Jusselme (2017),"('TUG', '3039c44b3e2047a8ae4dd0caff2a3f56_copy6')",u,,,15,Hoxha & Jusselme (2017),2.13.,wc_11
FU_206,Furniture,Möbel,Office furniture,Büromöbel,Whiteboard,Whiteboard,0.35,kg/m2,,,,FALSE,Density from Cui et al. (2011),"('TUG', 'c3666f30da3f4d839078675e7c05acd9_copy1')",m˛,,,15,Hoxha & Jusselme (2017),2.13.,wc_09
FU_301,Furniture,Möbel,Multimedia,Multimedia,Laptop,Laptop,,kg/u,,,,FALSE,Density from ecoinvent,"('eicutoff391', '7d0667663ef63cf66ae298e04ab72b45')",u,,,5,Hoxha & Jusselme (2017),3.2.,wc_33
FU_302,Furniture,Möbel,Multimedia,Multimedia,"LCD monitor (17"")","LCD-Monitor (17"")",,kg/u,,,,FALSE,Density from ecoinvent,"('eicutoff391', '454ced83287f6ab129cbe51fdf0e7e63')",u,,,6,Hoxha & Jusselme (2017),3.2.,wc_33
FU_303,Furniture,Möbel,Multimedia,Multimedia,Desktop computer,Desktop-Computer,,kg/u,,,,FALSE,Density from ecoinvent,"('eicutoff391', 'd24924553d3d53de3998b015907c1a8f')",u,,,5,Hoxha & Jusselme (2017),3.2.,wc_33
FU_304,Furniture,Möbel,Multimedia,Multimedia,Keyboard,Tastatur,,kg/u,,,,FALSE,Density from ecoinvent,"('eicutoff391', '77ef9684c41ce473483071464e235356')",u,,,5,Hoxha & Jusselme (2017),3.2.,wc_33
FU_305,Furniture,Möbel,Multimedia,Multimedia,Mouse,Maus,,kg/u,,,,FALSE,Density from ecoinvent,"('eicutoff391', '4ce980675c1ab80d2ac914ea6eaafa65')",u,,,5,Hoxha & Jusselme (2017),3.2.,wc_33
FU_306,Furniture,Möbel,Multimedia,Multimedia,Printer,Drucker,,kg/u,,,,FALSE,Density from ecoinvent,"('eicutoff391', '07236f344f9b55d260e7e26e69aebb46')",u,,,5,Hoxha & Jusselme (2017),3.2.,wc_33
FU_307,Furniture,Möbel,Multimedia,Multimedia,"Television (25"")","Fernsehen (25"")",,kg/u,,,,FALSE,Density from ecoinvent,"('eicutoff391', '299e23b7a197e7591993e5cb777a88bd')",u,,,12,Hoxha & Jusselme (2017),3.2.,wc_33
FU_401,Furniture,Möbel,Kitchen,Küche ,Kettle,Wasserkocher,2.45,kg/u,,,,FALSE,Density from Hoxha & Jusselme (2017),"('TUG', '3039c44b3e2047a8ae4dd0caff2a3f56_copy7')",u,,,10,Hoxha & Jusselme (2017),2.13.,wc_33
FU_402,Furniture,Möbel,Kitchen,Küche ,Coffee machine,Kaffeemaschine,,kg/u,,,,FALSE,Density from ecoinvent,"('eicutoff391', 'e040759c4c6db4619e4d29d112d2ae8a')",u,,,10,Hoxha & Jusselme (2017),2.13.,wc_33
FU_403,Furniture,Möbel,Kitchen,Küche ,Oven,Backofen,12.03,kg/u,,,,FALSE,Density from Amienyo et al. (2016),"('TUG', '7eaad144c08e24de0e2c1a0822bde079_copy1')",u,,,18,Hoxha & Jusselme (2017),2.13.,wc_33
FU_404,Furniture,Möbel,Kitchen,Küche ,Microwave,Mikrowelle,,kg/u,,,,FALSE,Density from ecoinvent,"('eicutoff391', '7eaad144c08e24de0e2c1a0822bde079')",u,,,12,Hoxha & Jusselme (2017),2.13.,wc_33
FU_405,Furniture,Möbel,Kitchen,Küche ,Refrigerator,Kühlschrank,,kg/u,,,,FALSE,Density from ecoinvent,"('eicutoff391', 'ae715fb92e68d2eb0fe4f06a3d4d325b')",u,,,10,Assumption,2.13.,wc_33
FU_406,Furniture,Möbel,Kitchen,Küche ,Cookstove,Kochherd,,kg/u,,,,FALSE,Density from ecoinvent,"('eicutoff391', '86156d2c70aef7176e380735fb59009f')",u,,,15,Assumption,2.13.,wc_33
FU_407,Furniture,Möbel,Kitchen,Küche ,Dishwasher,Geschirrspüler,,kg/u,,,,FALSE,Density from ecoinvent,"('eicutoff391', '08d967b20742a2f4ad35cfa997dc5215')",u,,,13,Hoxha & Jusselme (2017),2.13.,wc_33
FU_408,Furniture,Möbel,Kitchen,Küche ,Washing machine,Waschmaschine,,kg/u,,,,FALSE,Density from ecoinvent,"('eicutoff391', '40b05ccd94af26f86b67f47bb8f2dd14')",u,,,10,Hoxha & Jusselme (2017),2.13.,wc_33
FU_409,Furniture,Möbel,Kitchen,Küche ,Vacuum cleaner,Staubsauger,,kg/u,,,,FALSE,Density from ecoinvent,"('eicutoff391', '03b5aaeffd484718173a58481476283c')",u,,,5,Hoxha & Jusselme (2017),2.13.,wc_33
FU_410,Furniture,Möbel,Kitchen,Küche ,Kitchen cabinet,Küchenschrank,39.12,kg/u,,,,FALSE,Density from González-García et al. (2011),"('TUG', '182a145c42f54ebbb93deac20d171536')",u,,,15,Hoxha & Jusselme (2017),2.13.,wc_08
